# Made in Blockbench 5.1.6
mtllib 3_v.mtl

o sphere
v 0 0 0
v 0 1 0
v 0.004760849832165605 0.9953429730181653 0.0680833245481233
v 0.009433014039831777 0.9814586436738997 0.13489838557851214
v 0.013929459043883863 0.9586056507527265 0.19920054492312073
v 0.01816642458149704 0.9272097022732443 0.2597919750177168
v 0.02206498400135223 0.88785564535221 0.3155439721630264
v 0.02555251451781524 0.8412765716093271 0.36541798213906207
v 0.028564050036025503 0.7883401610574337 0.40848494650522105
v 0.031043491347322788 0.7300325188655761 0.44394260920118767
v 0.03294465115136074 0.667439806085493 0.4711304610594103
v 0.03423211443812263 0.601728006526317 0.48954204384116146
v 0.034881898202550166 0.5341212066823355 0.49883438459526963
v 0.034881898202550166 0.4658787933176646 0.49883438459526963
v 0.03423211443812263 0.3982719934736832 0.4895420438411615
v 0.03294465115136074 0.3325601939145069 0.4711304610594103
v 0.031043491347322788 0.2699674811344239 0.44394260920118767
v 0.028564050036025506 0.21165983894256646 0.4084849465052211
v 0.025552514517815247 0.15872342839067305 0.3654179821390622
v 0.022064984001352227 0.11214435464779005 0.3155439721630263
v 0.018166424581497035 0.07279029772675571 0.2597919750177167
v 0.013929459043883874 0.04139434924727359 0.1992005449231209
v 0.009433014039831792 0.018541356326100433 0.13489838557851236
v 0.0047608498321656065 0.004657026981834622 0.06808332454812333
v 0.014189884969900129 0.9953429730181653 0.06675816007942792
v 0.028115439231104437 0.9814586436738997 0.1322727419478657
v 0.04151725605588721 0.9586056507527265 0.19532333290345366
v 0.05414568495401396 0.9272097022732443 0.25473541973298863
v 0.06576548218901766 0.88785564535221 0.3094022676708216
v 0.07616019292391091 0.8412765716093271 0.35830553677351923
v 0.08513618336525061 0.7883401610574337 0.4005342516662368
v 0.09252624779434075 0.7300325188655761 0.43530177129031994
v 0.09819272329340624 0.667439806085493 0.4619604425378454
v 0.10203005414528285 0.601728006526317 0.4800136648036148
v 0.10396675813670897 0.5341212066823355 0.48912514071482516
v 0.10396675813670897 0.4658787933176646 0.48912514071482516
v 0.10203005414528286 0.3982719934736832 0.48001366480361485
v 0.09819272329340624 0.3325601939145069 0.4619604425378454
v 0.09252624779434075 0.2699674811344239 0.43530177129031994
v 0.08513618336525063 0.21165983894256646 0.40053425166623685
v 0.07616019292391092 0.15872342839067305 0.3583055367735193
v 0.06576548218901765 0.11214435464779005 0.3094022676708215
v 0.054145684954013944 0.07279029772675571 0.2547354197329886
v 0.04151725605588724 0.04139434924727359 0.19532333290345383
v 0.028115439231104482 0.018541356326100433 0.13227274194786592
v 0.014189884969900134 0.004657026981834622 0.06675816007942795
v 0.023342730137450467 0.9953429730181653 0.06413362396106806
v 0.046250629378581765 0.9814586436738997 0.127072559853218
v 0.06829696690394152 0.9586056507527265 0.187644374385819
v 0.08907106115870478 0.9272097022732443 0.24472072926040306
v 0.1081859300730011 0.88785564535221 0.29723839997826734
v 0.12528549980567807 0.8412765716093271 0.34421908170118704
v 0.14005123772624437 0.7883401610574337 0.3847876132195277
v 0.15220808607508882 0.7300325188655761 0.41818827954971205
v 0.16152958576911286 0.667439806085493 0.44379888947449636
v 0.1678420949059716 0.601728006526317 0.4611423657881167
v 0.1710280233841713 0.5341212066823355 0.46989563234196785
v 0.1710280233841713 0.4658787933176646 0.46989563234196785
v 0.1678420949059716 0.3982719934736832 0.46114236578811674
v 0.16152958576911286 0.3325601939145069 0.44379888947449636
v 0.15220808607508882 0.2699674811344239 0.41818827954971205
v 0.14005123772624437 0.21165983894256646 0.38478761321952776
v 0.12528549980567813 0.15872342839067305 0.34421908170118715
v 0.10818593007300109 0.11214435464779005 0.2972383999782673
v 0.08907106115870475 0.07279029772675571 0.244720729260403
v 0.06829696690394157 0.04139434924727359 0.18764437438581916
v 0.04625062937858184 0.018541356326100433 0.1270725598532182
v 0.023342730137450477 0.004657026981834622 0.06413362396106809
v 0.03204123561483733 0.9953429730181653 0.06026079980322201
v 0.06348560363451618 0.9814586436738997 0.11939905492392185
v 0.09374735497785902 0.9586056507527265 0.17631313156307665
v 0.1222627704747718 0.9272097022732443 0.22994282815846745
v 0.1485006618877851 0.88785564535221 0.2792891249338048
v 0.17197226694387155 0.8412765716093271 0.3234327937469434
v 0.19224035405081852 0.7883401610574337 0.3615515215709233
v 0.20892736709451706 0.7300325188655761 0.39293522862978664
v 0.22172245859500425 0.667439806085493 0.4169992958412808
v 0.23038728020686886 0.601728006526317 0.4332954551642194
v 0.23476042269795397 0.5341212066823355 0.44152013998393375
v 0.23476042269795397 0.4658787933176646 0.44152013998393375
v 0.23038728020686888 0.3982719934736832 0.43329545516421947
v 0.22172245859500425 0.3325601939145069 0.4169992958412808
v 0.20892736709451706 0.2699674811344239 0.39293522862978664
v 0.19224035405081855 0.21165983894256646 0.36155152157092335
v 0.1719722669438716 0.15872342839067305 0.3234327937469435
v 0.14850066188778507 0.11214435464779005 0.27928912493380476
v 0.12226277047477177 0.07279029772675571 0.2299428281584674
v 0.0937473549778591 0.04139434924727359 0.17631313156307682
v 0.06348560363451627 0.018541356326100433 0.11939905492392204
v 0.032041235614837335 0.004657026981834622 0.060260799803222034
v 0.04011609488734669 0.9953429730181653 0.05521506772285006
v 0.07948490282950851 0.9814586436738997 0.10940158320494354
v 0.11737305742316825 0.9586056507527265 0.16155015418767366
v 0.15307477403538752 0.9272097022732443 0.2106893514625176
v 0.18592499723592262 0.88785564535221 0.2559038047591768
v 0.21531178952155686 0.8412765716093271 0.2963512543617655
v 0.24068773055395515 0.7883401610574337 0.33127824081370116
v 0.2615801145648082 0.7300325188655761 0.3600341404417803
v 0.27759975596990244 0.667439806085493 0.38208328524418345
v 0.28844823916018647 0.601728006526317 0.3970149413718258
v 0.2939234774199438 0.5341212066823355 0.4045509603228279
v 0.2939234774199438 0.4658787933176646 0.4045509603228279
v 0.28844823916018647 0.3982719934736832 0.39701494137182586
v 0.27759975596990244 0.3325601939145069 0.38208328524418345
v 0.2615801145648082 0.2699674811344239 0.3600341404417803
v 0.24068773055395518 0.21165983894256646 0.33127824081370116
v 0.2153117895215569 0.15872342839067305 0.2963512543617656
v 0.18592499723592257 0.11214435464779005 0.25590380475917673
v 0.1530747740353875 0.07279029772675571 0.21068935146251755
v 0.11737305742316835 0.04139434924727359 0.1615501541876738
v 0.07948490282950865 0.018541356326100433 0.10940158320494373
v 0.0401160948873467 0.004657026981834622 0.05521506772285008
v 0.04741014000425545 0.9953429730181653 0.04909463715546148
v 0.09393711880366137 0.9814586436738997 0.09727473411133748
v 0.1387142268156095 0.9586056507527265 0.14364278682158435
v 0.18090735123937912 0.9272097022732443 0.18733504619593508
v 0.21973051399941265 0.88785564535221 0.22753760811117493
v 0.2544605130297356 0.8412765716093271 0.26350157490499143
v 0.2844503941600947 0.7883401610574337 0.29455700592245404
v 0.30914150264806556 0.7300325188655761 0.32012539724283956
v 0.32807388985988867 0.667439806085493 0.3397304581131033
v 0.34089488124325995 0.601728006526317 0.35300698334343195
v 0.34736564598695463 0.5341212066823355 0.35970765638893504
v 0.34736564598695463 0.4658787933176646 0.35970765638893504
v 0.34089488124326 0.3982719934736832 0.353006983343432
v 0.32807388985988867 0.3325601939145069 0.3397304581131033
v 0.30914150264806556 0.2699674811344239 0.32012539724283956
v 0.2844503941600947 0.21165983894256646 0.2945570059224541
v 0.25446051302973566 0.15872342839067305 0.2635015749049915
v 0.21973051399941262 0.11214435464779005 0.2275376081111749
v 0.1809073512393791 0.07279029772675571 0.18733504619593502
v 0.1387142268156096 0.04139434924727359 0.14364278682158446
v 0.09393711880366154 0.018541356326100433 0.09727473411133765
v 0.04741014000425546 0.004657026981834622 0.0490946371554615
v 0.05378140067421632 0.9953429730181653 0.042018635320163894
v 0.1065609556121899 0.9814586436738997 0.0832545429666243
v 0.15735548156817927 0.9586056507527265 0.12293957600126118
v 0.2052187726305583 0.9272097022732443 0.16033447734560533
v 0.2492592262476593 0.88785564535221 0.19474265074148212
v 0.28865645209633406 0.8412765716093271 0.22552313702129062
v 0.3226765544014357 0.7883401610574337 0.2521025539645546
v 0.3506858030255257 0.7300325188655761 0.27398577732380913
v 0.37216243866227083 0.667439806085493 0.29076516405252006
v 0.3867063922251136 0.601728006526317 0.3021281459237503
v 0.3940467373773953 0.5341212066823355 0.3078630520848263
v 0.3940467373773953 0.4658787933176646 0.3078630520848263
v 0.38670639222511366 0.3982719934736832 0.3021281459237503
v 0.37216243866227083 0.3325601939145069 0.29076516405252006
v 0.3506858030255257 0.2699674811344239 0.27398577732380913
v 0.3226765544014357 0.21165983894256646 0.2521025539645546
v 0.28865645209633417 0.15872342839067305 0.2255231370212907
v 0.24925922624765925 0.11214435464779005 0.1947426507414821
v 0.20521877263055824 0.07279029772675571 0.1603344773456053
v 0.1573554815681794 0.04139434924727359 0.12293957600126128
v 0.10656095561219008 0.018541356326100433 0.08325454296662443
v 0.05378140067421634 0.004657026981834622 0.042018635320163915
v 0.059105867555490126 0.9953429730181653 0.0341247885438486
v 0.1171107046310176 0.9814586436738997 0.06761389684370478
v 0.17293399086123182 0.9586056507527265 0.0998434861757685
v 0.22553584404537763 0.9272097022732443 0.13021318027150827
v 0.2739363911851628 0.88785564535221 0.15815724919158838
v 0.3172340216647251 0.8412765716093271 0.18315514780423664
v 0.35462218255049327 0.7883401610574337 0.20474121255613997
v 0.38540440314628255 0.7300325188655761 0.22251333590337335
v 0.4090072689245914 0.667439806085493 0.23614045681412657
v 0.42499110315430694 0.601728006526317 0.2453687278093352
v 0.4330581572463054 0.5341212066823355 0.2500262436609178
v 0.4330581572463054 0.4658787933176646 0.2500262436609178
v 0.424991103154307 0.3982719934736832 0.24536872780933522
v 0.4090072689245914 0.3325601939145069 0.23614045681412657
v 0.38540440314628255 0.2699674811344239 0.22251333590337335
v 0.3546221825504933 0.21165983894256646 0.20474121255614
v 0.3172340216647252 0.15872342839067305 0.1831551478042367
v 0.2739363911851627 0.11214435464779005 0.15815724919158836
v 0.2255358440453776 0.07279029772675571 0.13021318027150824
v 0.17293399086123196 0.04139434924727359 0.09984348617576859
v 0.11711070463101779 0.018541356326100433 0.06761389684370489
v 0.05910586755549015 0.004657026981834622 0.034124788543848615
v 0.06327990595672417 0.9953429730181653 0.025566741574898938
v 0.12538102699565465 0.9814586436738997 0.05065722312839028
v 0.18514653673166953 0.9586056507527265 0.0748040564621467
v 0.24146311679907392 0.9272097022732443 0.09755743175872353
v 0.2932816958662736 0.88785564535221 0.11849349668738489
v 0.3396369918497635 0.8412765716093271 0.13722225197106594
v 0.37966549329295946 0.7883401610574337 0.15339481633499752
v 0.41262154495080794 0.7300325188655761 0.1667099255047465
v 0.4378912379361676 0.667439806085493 0.17691954418963451
v 0.4550038456808164 0.601728006526317 0.18383348651090245
v 0.46364059268076896 0.5341212066823355 0.18732295880478642
v 0.46364059268076896 0.4658787933176646 0.18732295880478642
v 0.4550038456808165 0.3982719934736832 0.18383348651090248
v 0.4378912379361676 0.3325601939145069 0.17691954418963451
v 0.41262154495080794 0.2699674811344239 0.1667099255047465
v 0.3796654932929595 0.21165983894256646 0.15339481633499755
v 0.3396369918497636 0.15872342839067305 0.13722225197106597
v 0.29328169586627356 0.11214435464779005 0.11849349668738487
v 0.24146311679907387 0.07279029772675571 0.09755743175872351
v 0.18514653673166967 0.04139434924727359 0.07480405646214676
v 0.12538102699565484 0.018541356326100433 0.05065722312839036
v 0.0632799059567242 0.004657026981834622 0.02556674157489895
v 0.06622227296833676 0.9953429730181653 0.016511067062931352
v 0.13121095028862564 0.9814586436738997 0.03271456418661889
v 0.19375541586568937 0.9586056507527265 0.04830865087784225
v 0.25269058464450067 0.9272097022732443 0.06300283880668905
v 0.30691860594033193 0.88785564535221 0.07652340305451613
v 0.35542931431979846 0.8412765716093271 0.08861848109127646
v 0.3973190470715759 0.7883401610574337 0.0990627644979117
v 0.4318074777329167 0.7300325188655761 0.10766169603589933
v 0.4582521520952169 0.667439806085493 0.11425509388048989
v 0.4761604559103523 0.601728006526317 0.1187201355050265
v 0.4851987913620589 0.5341212066823355 0.12097364563222723
v 0.4851987913620589 0.4658787933176646 0.12097364563222723
v 0.47616045591035233 0.3982719934736832 0.11872013550502651
v 0.4582521520952169 0.3325601939145069 0.11425509388048989
v 0.4318074777329167 0.2699674811344239 0.10766169603589933
v 0.39731904707157595 0.21165983894256646 0.09906276449791171
v 0.3554293143197986 0.15872342839067305 0.08861848109127649
v 0.3069186059403319 0.11214435464779005 0.07652340305451612
v 0.2526905846445006 0.07279029772675571 0.06300283880668904
v 0.19375541586568953 0.04139434924727359 0.04830865087784229
v 0.13121095028862587 0.018541356326100433 0.032714564186618944
v 0.06622227296833678 0.004657026981834622 0.016511067062931355
v 0.06787569876333968 0.9953429730181653 0.007134023411644238
v 0.13448700168447236 0.9814586436738997 0.014135153465220207
v 0.19859306622340253 0.9586056507527265 0.020872972354476563
v 0.2589997176911021 0.9272097022732443 0.027221967261949375
v 0.3145816944645015 0.88785564535221 0.03306386842527211
v 0.36430360948145124 0.8412765716093271 0.038289852279073576
v 0.40723923754266156 0.7883401610574337 0.0428025686320986
v 0.44258876913468015 0.7300325188655761 0.046517954117077584
v 0.46969370936782995 0.667439806085493 0.04936679813220466
v 0.48804914449008385 0.601728006526317 0.051296032103697896
v 0.49731314747493127 0.5341212066823355 0.052269718052919224
v 0.49731314747493127 0.4658787933176646 0.052269718052919224
v 0.4880491444900839 0.3982719934736832 0.0512960321036979
v 0.46969370936782995 0.3325601939145069 0.04936679813220466
v 0.44258876913468015 0.2699674811344239 0.046517954117077584
v 0.4072392375426616 0.21165983894256646 0.04280256863209861
v 0.36430360948145135 0.15872342839067305 0.03828985227907358
v 0.31458169446450146 0.11214435464779005 0.03306386842527211
v 0.258999717691102 0.07279029772675571 0.027221967261949368
v 0.1985930662234027 0.04139434924727359 0.02087297235447658
v 0.13448700168447256 0.018541356326100433 0.01413515346522023
v 0.06787569876333971 0.004657026981834622 0.007134023411644242
v 0.06820800128937722 0.9953429730181653 -0.0023818758905191574
v 0.13514541656922788 0.9814586436738997 -0.004719381939880199
v 0.19956532844334182 0.9586056507527265 -0.0069689748331148195
v 0.26026771584065844 0.9272097022732443 -0.00908874891101527
v 0.3161218081372934 0.88785564535221 -0.01103921679327685
v 0.3660871492737615 0.8412765716093271 -0.01278404495367998
v 0.4092329794827463 0.7883401610574337 -0.014290730544938013
v 0.4447555735825002 0.7300325188655761 -0.015531206865244429
v 0.47199321285627394 0.667439806085493 -0.016482366187823252
v 0.4904385116199897 0.601728006526317 -0.017126490214157384
v 0.4997478688575251 0.5341212066823355 -0.01745158013236569
v 0.4997478688575251 0.4658787933176646 -0.01745158013236569
v 0.49043851161998975 0.3982719934736832 -0.017126490214157384
v 0.47199321285627394 0.3325601939145069 -0.016482366187823252
v 0.4447555735825002 0.2699674811344239 -0.015531206865244429
v 0.40923297948274634 0.21165983894256646 -0.014290730544938016
v 0.3660871492737616 0.15872342839067305 -0.012784044953679984
v 0.31612180813729335 0.11214435464779005 -0.011039216793276848
v 0.2602677158406584 0.07279029772675571 -0.009088748911015269
v 0.199565328443342 0.04139434924727359 -0.006968974833114825
v 0.1351454165692281 0.018541356326100433 -0.004719381939880207
v 0.06820800128937725 0.004657026981834622 -0.0023818758905191587
v 0.06721271265576854 0.9953429730181653 -0.011851414687817297
v 0.13317337964609624 0.9814586436738997 -0.023482059943738285
v 0.19665327854732803 0.9586056507527265 -0.03467527885267109
v 0.25646989895151523 0.9272097022732443 -0.045222562924725776
v 0.31150897039791997 0.88785564535221 -0.05492743621386781
v 0.3607452191234182 0.8412765716093271 -0.06360911529304591
v 0.40326146697281406 0.7883401610574337 -0.07110587690738265
v 0.43826571669250347 0.7300325188655761 -0.07727807057242062
v 0.46510590534079255 0.667439806085493 -0.08201071999841905
v 0.4832820509867508 0.601728006526317 -0.08521566488108819
v 0.4924555664275824 0.5341212066823355 -0.08683320316125251
v 0.4924555664275824 0.4658787933176646 -0.08683320316125251
v 0.48328205098675087 0.3982719934736832 -0.08521566488108819
v 0.46510590534079255 0.3325601939145069 -0.08201071999841905
v 0.43826571669250347 0.2699674811344239 -0.07727807057242062
v 0.4032614669728141 0.21165983894256646 -0.07110587690738267
v 0.36074521912341834 0.15872342839067305 -0.06360911529304594
v 0.3115089703979199 0.11214435464779005 -0.0549274362138678
v 0.2564698989515152 0.07279029772675571 -0.04522256292472576
v 0.19665327854732817 0.04139434924727359 -0.03467527885267112
v 0.13317337964609643 0.018541356326100433 -0.023482059943738327
v 0.06721271265576857 0.004657026981834622 -0.011851414687817302
v 0.06490920502364282 0.9953429730181653 -0.021090279179001456
v 0.12860927437062747 0.9814586436738997 -0.04178768636123877
v 0.1899135962741794 0.9586056507527265 -0.061706668011905164
v 0.2476801872094669 0.9272097022732443 -0.08047617119100933
v 0.30083296488595307 0.88785564535221 -0.0977465555675884
v 0.34838179362444244 0.8412765716093271 -0.11319610655752886
v 0.389440928711376 0.7883401610574337 -0.12653702825756116
v 0.4232455161469511 0.7300325188655761 -0.13752080453840695
v 0.4491658404279787 0.667439806085493 -0.14594282843005685
v 0.4667190549562401 0.601728006526317 -0.1516462135624906
v 0.47557817655703133 0.5341212066823355 -0.15452471666191006
v 0.47557817655703133 0.4658787933176646 -0.15452471666191006
v 0.46671905495624016 0.3982719934736832 -0.1516462135624906
v 0.4491658404279787 0.3325601939145069 -0.14594282843005685
v 0.4232455161469511 0.2699674811344239 -0.13752080453840695
v 0.38944092871137603 0.21165983894256646 -0.1265370282575612
v 0.34838179362444255 0.15872342839067305 -0.1131961065575289
v 0.300832964885953 0.11214435464779005 -0.09774655556758839
v 0.24768018720946686 0.07279029772675571 -0.08047617119100932
v 0.18991359627417956 0.04139434924727359 -0.06170666801190521
v 0.1286092743706277 0.018541356326100433 -0.04178768636123884
v 0.06490920502364285 0.004657026981834622 -0.021090279179001466
v 0.06134231354885827 0.9953429730181653 -0.029918645375803365
v 0.12154193586041576 0.9814586436738997 -0.059279962996506494
v 0.17947746187306776 0.9586056507527265 -0.08753700706858207
v 0.2340696623554235 0.9272097022732443 -0.11416340232534791
v 0.28430158790490667 0.88785564535221 -0.13866314940224497
v 0.3292375127909836 0.8412765716093271 -0.1605798643665324
v 0.3680403657550616 0.7883401610574337 -0.17950528028644266
v 0.3999873230642372 0.7300325188655761 -0.19508685247164995
v 0.4244832733498049 0.667439806085493 -0.20703432571381056
v 0.4410719034060625 0.601728006526317 -0.2151251411919105
v 0.4494441984419554 0.5341212066823355 -0.21920858232200366
v 0.4494441984419554 0.4658787933176646 -0.21920858232200366
v 0.44107190340606256 0.3982719934736832 -0.21512514119191053
v 0.4244832733498049 0.3325601939145069 -0.20703432571381056
v 0.3999873230642372 0.2699674811344239 -0.19508685247164995
v 0.36804036575506166 0.21165983894256646 -0.1795052802864427
v 0.32923751279098373 0.15872342839067305 -0.16057986436653243
v 0.2843015879049066 0.11214435464779005 -0.13866314940224495
v 0.23406966235542345 0.07279029772675571 -0.11416340232534788
v 0.17947746187306793 0.04139434924727359 -0.08753700706858214
v 0.12154193586041595 0.018541356326100433 -0.05927996299650659
v 0.061342313548858295 0.004657026981834622 -0.02991864537580338
v 0.05658146371669267 0.9953429730181653 -0.038164679172319936
v 0.11210892182058399 0.9814586436738997 -0.07561842258200564
v 0.16554800282918394 0.9586056507527265 -0.11166353785453867
v 0.2159032377739265 0.9272097022732443 -0.1456285726923689
v 0.2622366039035545 0.88785564535221 -0.1768808227607814
v 0.3036849982731684 0.8412765716093271 -0.20483811777252964
v 0.33947631571903614 0.7883401610574337 -0.22897966621877835
v 0.3689438317169144 0.7300325188655761 -0.24885575672953772
v 0.3915386221984442 0.667439806085493 -0.2640961353455997
v 0.40683978896793993 0.601728006526317 -0.2744169026492509
v 0.41456230023940527 0.5341212066823355 -0.27962580227326594
v 0.41456230023940527 0.4658787933176646 -0.27962580227326594
v 0.40683978896794 0.3982719934736832 -0.27441690264925095
v 0.3915386221984442 0.3325601939145069 -0.2640961353455997
v 0.3689438317169144 0.2699674811344239 -0.24885575672953772
v 0.3394763157190362 0.21165983894256646 -0.22897966621877838
v 0.30368499827316847 0.15872342839067305 -0.20483811777252972
v 0.26223660390355447 0.11214435464779005 -0.17688082276078138
v 0.21590323777392645 0.07279029772675571 -0.14562857269236887
v 0.16554800282918408 0.04139434924727359 -0.11166353785453877
v 0.11210892182058418 0.018541356326100433 -0.07561842258200577
v 0.0565814637166927 0.004657026981834622 -0.03816467917231996
v 0.05071932005374271 0.9953429730181653 -0.045667880900426436
v 0.10049383513952306 0.9814586436738997 -0.09048505558662688
v 0.14839634021829223 0.9586056507527265 -0.13361666489154841
v 0.193534502255453 0.9272097022732443 -0.17425924854197916
v 0.23506748269693542 0.88785564535221 -0.211655712103233
v 0.2722216007005316 0.8412765716093271 -0.24510943021599016
v 0.30430474534612545 0.7883401610574337 -0.27399722340867544
v 0.3307192683526104 0.7300325188655761 -0.2977809667519128
v 0.3509731171345725 0.667439806085493 -0.31601761410778834
v 0.36468900081095734 0.601728006526317 -0.32836745124112393
v 0.37161141842032247 0.5341212066823355 -0.3346004240529149
v 0.37161141842032247 0.4658787933176646 -0.3346004240529149
v 0.3646890008109574 0.3982719934736832 -0.328367451241124
v 0.3509731171345725 0.3325601939145069 -0.31601761410778834
v 0.3307192683526104 0.2699674811344239 -0.2977809667519128
v 0.3043047453461255 0.21165983894256646 -0.27399722340867544
v 0.2722216007005317 0.15872342839067305 -0.24510943021599024
v 0.2350674826969354 0.11214435464779005 -0.21165571210323297
v 0.19353450225545296 0.07279029772675571 -0.17425924854197913
v 0.14839634021829234 0.04139434924727359 -0.13361666489154853
v 0.10049383513952323 0.018541356326100433 -0.09048505558662702
v 0.05071932005374273 0.004657026981834622 -0.04566788090042646
v 0.043869982518318085 0.9953429730181653 -0.052282209273250745
v 0.08692275026751449 0.9814586436738997 -0.10359049990947967
v 0.12835631164338654 0.9586056507527265 -0.15296909553314786
v 0.16739883779281048 0.9272097022732443 -0.1994981663356772
v 0.2033230403249189 0.88785564535221 -0.24231096376439945
v 0.23545971931774018 0.8412765716093271 -0.28060996640814106
v 0.2632102292465698 0.7883401610574337 -0.31368173631214497
v 0.28605763061741474 0.7300325188655761 -0.34091020897729135
v 0.30357631957167974 0.667439806085493 -0.36178816947607717
v 0.3154399560807793 0.601728006526317 -0.3759267009070284
v 0.3214275430434112 0.5341212066823355 -0.3830624291807152
v 0.3214275430434112 0.4658787933176646 -0.3830624291807152
v 0.31543995608077935 0.3982719934736832 -0.37592670090702845
v 0.30357631957167974 0.3325601939145069 -0.36178816947607717
v 0.28605763061741474 0.2699674811344239 -0.34091020897729135
v 0.2632102292465698 0.21165983894256646 -0.313681736312145
v 0.23545971931774026 0.15872342839067305 -0.2806099664081411
v 0.20332304032491888 0.11214435464779005 -0.2423109637643994
v 0.16739883779281045 0.07279029772675571 -0.19949816633567719
v 0.12835631164338665 0.04139434924727359 -0.152969095533148
v 0.08692275026751463 0.018541356326100433 -0.10359049990947984
v 0.043869982518318106 0.004657026981834622 -0.052282209273250765
v 0.03616676567453989 0.9953429730181653 -0.05787892391270283
v 0.07165981293471169 0.9814586436738997 -0.11467967298404161
v 0.1058179734654828 0.9586056507527265 -0.16934415672996178
v 0.13800494536588664 0.9272097022732443 -0.2208540792474521
v 0.16762114624950827 0.88785564535221 -0.2682499081405279
v 0.1941148823298899 0.8412765716093271 -0.3106487487932633
v 0.21699262543192777 0.7883401610574337 -0.34726079102598517
v 0.2358282064879831 0.7300325188655761 -0.3774040217645421
v 0.25027075426126966 0.667439806085493 -0.4005169296534574
v 0.2600512314131208 0.601728006526317 -0.4161689649500619
v 0.2649874461595711 0.5341212066823355 -0.42406855985156794
v 0.2649874461595711 0.4658787933176646 -0.42406855985156794
v 0.2600512314131208 0.3982719934736832 -0.41616896495006195
v 0.25027075426126966 0.3325601939145069 -0.4005169296534574
v 0.2358282064879831 0.2699674811344239 -0.3774040217645421
v 0.2169926254319278 0.21165983894256646 -0.3472607910259852
v 0.19411488232988997 0.15872342839067305 -0.31064874879326343
v 0.16762114624950825 0.11214435464779005 -0.26824990814052785
v 0.13800494536588662 0.07279029772675571 -0.22085407924745207
v 0.10581797346548288 0.04139434924727359 -0.16934415672996192
v 0.07165981293471181 0.018541356326100433 -0.1146796729840418
v 0.03616676567453991 0.004657026981834622 -0.057878923912702857
v 0.02775960387599299 0.9953429730181653 -0.0623490911344943
v 0.055002098854963814 0.9814586436738997 -0.12353673667016377
v 0.08122000880023424 0.9586056507527265 -0.18242312654215023
v 0.10592494365571452 0.9272097022732443 -0.237911318724467
v 0.12865669722857886 0.88785564535221 -0.28896767318444894
v 0.14899181995989438 0.8412765716093271 -0.3346411066408391
v 0.16655150698870638 0.7883401610574337 -0.37408080944579974
v 0.1810086545698719 0.7300325188655761 -0.40655209455885793
v 0.1920939533979275 0.667439806085493 -0.4314500833763881
v 0.19960090532989735 0.601728006526317 -0.44831097347552373
v 0.20338967005498743 0.5341212066823355 -0.45682067837574714
v 0.20338967005498743 0.4658787933176646 -0.45682067837574714
v 0.19960090532989738 0.3982719934736832 -0.4483109734755238
v 0.1920939533979275 0.3325601939145069 -0.4314500833763881
v 0.1810086545698719 0.2699674811344239 -0.40655209455885793
v 0.1665515069887064 0.21165983894256646 -0.3740808094457998
v 0.1489918199598944 0.15872342839067305 -0.33464110664083924
v 0.12865669722857886 0.11214435464779005 -0.2889676731844489
v 0.10592494365571449 0.07279029772675571 -0.23791131872446694
v 0.0812200088002343 0.04139434924727359 -0.1824231265421504
v 0.055002098854963904 0.018541356326100433 -0.12353673667016397
v 0.027759603875993005 0.004657026981834622 -0.06234909113449433
v 0.018812132964081307 0.9953429730181653 -0.06560570421839283
v 0.037273831484964264 0.9814586436738997 -0.12998929829795638
v 0.055041189050079875 0.9586056507527265 -0.1919514376994266
v 0.07178323340512156 0.9272097022732443 -0.2503378850026241
v 0.08718809194091931 0.88785564535221 -0.30406101116569106
v 0.1009688012900629 0.8412765716093271 -0.3521200559962679
v 0.11286865291148121 0.7883401610574337 -0.3936197704203658
v 0.12266597508485115 0.7300325188655761 -0.4277870932787389
v 0.13017826223532825 0.667439806085493 -0.4539855519935932
v 0.13526557466709227 0.601728006526317 -0.47172711884845847
v 0.13783314537510427 0.5341212066823355 -0.48068130202116227
v 0.13783314537510427 0.4658787933176646 -0.48068130202116227
v 0.1352655746670923 0.3982719934736832 -0.4717271188484585
v 0.13017826223532825 0.3325601939145069 -0.4539855519935932
v 0.12266597508485115 0.2699674811344239 -0.4277870932787389
v 0.11286865291148122 0.21165983894256646 -0.39361977042036583
v 0.10096880129006293 0.15872342839067305 -0.352120055996268
v 0.08718809194091928 0.11214435464779005 -0.304061011165691
v 0.07178323340512155 0.07279029772675571 -0.25033788500262405
v 0.055041189050079924 0.04139434924727359 -0.19195143769942677
v 0.037273831484964326 0.018541356326100433 -0.1299892982979566
v 0.018812132964081314 0.004657026981834622 -0.06560570421839286
v 0.009498505282507843 0.9953429730181653 -0.06758537689506283
v 0.018820071383464733 0.9814586436738997 -0.13391176609501457
v 0.027791055163490227 0.9586056507527265 -0.19774363246340787
v 0.03624434416851561 0.9272097022732443 -0.25789190910432885
v 0.04402246961861427 0.88785564535221 -0.31323614742886696
v 0.05098053975342942 0.8412765716093271 -0.36274538899235653
v 0.05698893889152371 0.7883401610574337 -0.4054973702995521
v 0.0619357419252822 0.7300325188655761 -0.44069570282855564
v 0.06572879927389676 0.667439806085493 -0.4676847082421545
v 0.06829745345570278 0.601728006526317 -0.4859616324346527
v 0.0695938553033736 0.5341212066823355 -0.4951860108896126
v 0.0695938553033736 0.4658787933176646 -0.4951860108896126
v 0.06829745345570279 0.3982719934736832 -0.48596163243465273
v 0.06572879927389676 0.3325601939145069 -0.4676847082421545
v 0.0619357419252822 0.2699674811344239 -0.44069570282855564
v 0.05698893889152372 0.21165983894256646 -0.40549737029955213
v 0.050980539753429435 0.15872342839067305 -0.36274538899235664
v 0.044022469618614266 0.11214435464779005 -0.3132361474288669
v 0.0362443441685156 0.07279029772675571 -0.2578919091043288
v 0.02779105516349025 0.04139434924727359 -0.19774363246340804
v 0.01882007138346476 0.018541356326100433 -0.1339117660950148
v 0.009498505282507846 0.004657026981834622 -0.06758537689506285
v 8.35816261236089e-18 0.9953429730181653 -0.06824957708769719
v 1.6560628469504474e-17 0.9814586436738997 -0.13522779368740953
v 2.4454601152173574e-17 0.9586056507527265 -0.19968697235153696
v 3.189303088525997e-17 0.9272097022732443 -0.2604263605430165
v 3.87373537968858e-17 0.88785564535221 -0.3163144983831767
v 4.486007310116375e-17 0.8412765716093271 -0.3663102956084732
v 5.014713412208493e-17 0.7883401610574337 -0.40948242511227984
v 5.4500048916333185e-17 0.7300325188655761 -0.4450266718067466
v 5.783773091732277e-17 0.667439806085493 -0.47228091362825303
v 6.009800542451208e-17 0.601728006526317 -0.49073745561867027
v 6.123876780043582e-17 0.5341212066823355 -0.5000524873218355
v 6.123876780043582e-17 0.4658787933176646 -0.5000524873218355
v 6.009800542451209e-17 0.3982719934736832 -0.4907374556186703
v 5.783773091732277e-17 0.3325601939145069 -0.47228091362825303
v 5.4500048916333185e-17 0.2699674811344239 -0.4450266718067466
v 5.0147134122084936e-17 0.21165983894256646 -0.4094824251122799
v 4.486007310116376e-17 0.15872342839067305 -0.36631029560847334
v 3.873735379688579e-17 0.11214435464779005 -0.31631449838317666
v 3.189303088525996e-17 0.07279029772675571 -0.26042636054301643
v 2.4454601152173595e-17 0.04139434924727359 -0.19968697235153712
v 1.6560628469504502e-17 0.018541356326100433 -0.13522779368740975
v 8.358162612360893e-18 0.004657026981834622 -0.06824957708769722
v -0.009498505282507855 0.9953429730181653 -0.06758537689506282
v -0.018820071383464757 0.9814586436738997 -0.13391176609501454
v -0.027791055163490265 0.9586056507527265 -0.19774363246340784
v -0.03624434416851566 0.9272097022732443 -0.2578919091043288
v -0.044022469618614335 0.88785564535221 -0.31323614742886696
v -0.05098053975342949 0.8412765716093271 -0.3627453889923565
v -0.05698893889152379 0.7883401610574337 -0.405497370299552
v -0.06193574192528229 0.7300325188655761 -0.4406957028285556
v -0.06572879927389684 0.667439806085493 -0.46768470824215447
v -0.06829745345570287 0.601728006526317 -0.4859616324346527
v -0.0695938553033737 0.5341212066823355 -0.49518601088961256
v -0.0695938553033737 0.4658787933176646 -0.49518601088961256
v -0.06829745345570287 0.3982719934736832 -0.4859616324346527
v -0.06572879927389684 0.3325601939145069 -0.46768470824215447
v -0.06193574192528229 0.2699674811344239 -0.4406957028285556
v -0.056988938891523795 0.21165983894256646 -0.4054973702995521
v -0.050980539753429505 0.15872342839067305 -0.3627453889923566
v -0.04402246961861433 0.11214435464779005 -0.3132361474288669
v -0.03624434416851565 0.07279029772675571 -0.25789190910432874
v -0.02779105516349029 0.04139434924727359 -0.197743632463408
v -0.01882007138346479 0.018541356326100433 -0.13391176609501476
v -0.00949850528250786 0.004657026981834622 -0.06758537689506285
v -0.018812132964081265 0.9953429730181653 -0.06560570421839283
v -0.03727383148496418 0.9814586436738997 -0.12998929829795638
v -0.05504118905007976 0.9586056507527265 -0.19195143769942663
v -0.0717832334051214 0.9272097022732443 -0.25033788500262416
v -0.08718809194091912 0.88785564535221 -0.3040610111656911
v -0.10096880129006268 0.8412765716093271 -0.35212005599626794
v -0.11286865291148096 0.7883401610574337 -0.39361977042036583
v -0.12266597508485087 0.7300325188655761 -0.42778709327873893
v -0.13017826223532797 0.667439806085493 -0.45398555199359325
v -0.135265574667092 0.601728006526317 -0.4717271188484585
v -0.13783314537510397 0.5341212066823355 -0.4806813020211623
v -0.13783314537510397 0.4658787933176646 -0.4806813020211623
v -0.135265574667092 0.3982719934736832 -0.4717271188484586
v -0.13017826223532797 0.3325601939145069 -0.45398555199359325
v -0.12266597508485087 0.2699674811344239 -0.42778709327873893
v -0.11286865291148097 0.21165983894256646 -0.3936197704203659
v -0.1009688012900627 0.15872342839067305 -0.35212005599626806
v -0.0871880919409191 0.11214435464779005 -0.30406101116569106
v -0.07178323340512138 0.07279029772675571 -0.2503378850026241
v -0.0550411890500798 0.04139434924727359 -0.1919514376994268
v -0.03727383148496424 0.018541356326100433 -0.1299892982979566
v -0.018812132964081272 0.004657026981834622 -0.06560570421839286
v -0.027759603875992977 0.9953429730181653 -0.06234909113449431
v -0.05500209885496379 0.9814586436738997 -0.12353673667016378
v -0.0812200088002342 0.9586056507527265 -0.18242312654215026
v -0.10592494365571445 0.9272097022732443 -0.23791131872446702
v -0.1286566972285788 0.88785564535221 -0.288967673184449
v -0.1489918199598943 0.8412765716093271 -0.3346411066408392
v -0.1665515069887063 0.7883401610574337 -0.3740808094457998
v -0.1810086545698718 0.7300325188655761 -0.40655209455885793
v -0.1920939533979274 0.667439806085493 -0.4314500833763882
v -0.19960090532989724 0.601728006526317 -0.4483109734755238
v -0.20338967005498731 0.5341212066823355 -0.4568206783757472
v -0.20338967005498731 0.4658787933176646 -0.4568206783757472
v -0.19960090532989727 0.3982719934736832 -0.44831097347552384
v -0.1920939533979274 0.3325601939145069 -0.4314500833763882
v -0.1810086545698718 0.2699674811344239 -0.40655209455885793
v -0.16655150698870633 0.21165983894256646 -0.37408080944579986
v -0.14899181995989433 0.15872342839067305 -0.33464110664083924
v -0.12865669722857878 0.11214435464779005 -0.28896767318444894
v -0.10592494365571443 0.07279029772675571 -0.23791131872446697
v -0.08122000880023426 0.04139434924727359 -0.1824231265421504
v -0.05500209885496388 0.018541356326100433 -0.12353673667016399
v -0.027759603875992987 0.004657026981834622 -0.062349091134494335
v -0.036166765674539886 0.9953429730181653 -0.057878923912702836
v -0.07165981293471167 0.9814586436738997 -0.11467967298404162
v -0.10581797346548277 0.9586056507527265 -0.1693441567299618
v -0.13800494536588662 0.9272097022732443 -0.22085407924745212
v -0.16762114624950825 0.88785564535221 -0.2682499081405279
v -0.19411488232988988 0.8412765716093271 -0.3106487487932634
v -0.2169926254319277 0.7883401610574337 -0.3472607910259852
v -0.23582820648798306 0.7300325188655761 -0.37740402176454213
v -0.2502707542612696 0.667439806085493 -0.4005169296534575
v -0.26005123141312075 0.601728006526317 -0.41616896495006195
v -0.26498744615957104 0.5341212066823355 -0.424068559851568
v -0.26498744615957104 0.4658787933176646 -0.424068559851568
v -0.26005123141312075 0.3982719934736832 -0.416168964950062
v -0.2502707542612696 0.3325601939145069 -0.4005169296534575
v -0.23582820648798306 0.2699674811344239 -0.37740402176454213
v -0.21699262543192774 0.21165983894256646 -0.3472607910259853
v -0.19411488232988994 0.15872342839067305 -0.31064874879326343
v -0.16762114624950822 0.11214435464779005 -0.26824990814052785
v -0.1380049453658866 0.07279029772675571 -0.2208540792474521
v -0.10581797346548286 0.04139434924727359 -0.16934415672996195
v -0.0716598129347118 0.018541356326100433 -0.11467967298404182
v -0.0361667656745399 0.004657026981834622 -0.05787892391270286
v -0.04386998251831807 0.9953429730181653 -0.05228220927325075
v -0.08692275026751445 0.9814586436738997 -0.10359049990947969
v -0.12835631164338648 0.9586056507527265 -0.1529690955331479
v -0.16739883779281042 0.9272097022732443 -0.19949816633567727
v -0.20332304032491885 0.88785564535221 -0.24231096376439948
v -0.2354597193177401 0.8412765716093271 -0.28060996640814106
v -0.26321022924656967 0.7883401610574337 -0.313681736312145
v -0.2860576306174146 0.7300325188655761 -0.3409102089772914
v -0.3035763195716797 0.667439806085493 -0.3617881694760772
v -0.3154399560807792 0.601728006526317 -0.37592670090702845
v -0.3214275430434111 0.5341212066823355 -0.38306242918071526
v -0.3214275430434111 0.4658787933176646 -0.38306242918071526
v -0.31543995608077924 0.3982719934736832 -0.3759267009070285
v -0.3035763195716797 0.3325601939145069 -0.3617881694760772
v -0.2860576306174146 0.2699674811344239 -0.3409102089772914
v -0.2632102292465697 0.21165983894256646 -0.3136817363121451
v -0.23545971931774018 0.15872342839067305 -0.2806099664081412
v -0.2033230403249188 0.11214435464779005 -0.24231096376439942
v -0.1673988377928104 0.07279029772675571 -0.1994981663356772
v -0.1283563116433866 0.04139434924727359 -0.15296909553314803
v -0.0869227502675146 0.018541356326100433 -0.10359049990947986
v -0.04386998251831809 0.004657026981834622 -0.05228220927325077
v -0.050719320053742675 0.9953429730181653 -0.04566788090042647
v -0.10049383513952301 0.9814586436738997 -0.09048505558662695
v -0.14839634021829215 0.9586056507527265 -0.13361666489154853
v -0.19353450225545288 0.9272097022732443 -0.17425924854197933
v -0.23506748269693528 0.88785564535221 -0.2116557121032332
v -0.2722216007005315 0.8412765716093271 -0.24510943021599038
v -0.3043047453461253 0.7883401610574337 -0.27399722340867566
v -0.33071926835261023 0.7300325188655761 -0.29778096675191307
v -0.3509731171345723 0.667439806085493 -0.3160176141077886
v -0.3646890008109571 0.601728006526317 -0.3283674512411242
v -0.37161141842032225 0.5341212066823355 -0.3346004240529152
v -0.37161141842032225 0.4658787933176646 -0.3346004240529152
v -0.3646890008109572 0.3982719934736832 -0.32836745124112426
v -0.3509731171345723 0.3325601939145069 -0.3160176141077886
v -0.33071926835261023 0.2699674811344239 -0.29778096675191307
v -0.3043047453461253 0.21165983894256646 -0.2739972234086757
v -0.27222160070053153 0.15872342839067305 -0.24510943021599044
v -0.23506748269693525 0.11214435464779005 -0.21165571210323314
v -0.19353450225545285 0.07279029772675571 -0.17425924854197927
v -0.14839634021829226 0.04139434924727359 -0.13361666489154864
v -0.10049383513952316 0.018541356326100433 -0.0904850555866271
v -0.050719320053742696 0.004657026981834622 -0.04566788090042649
v -0.05658146371669265 0.9953429730181653 -0.03816467917231998
v -0.11210892182058395 0.9814586436738997 -0.07561842258200573
v -0.16554800282918386 0.9586056507527265 -0.11166353785453878
v -0.2159032377739264 0.9272097022732443 -0.14562857269236903
v -0.2622366039035544 0.88785564535221 -0.17688082276078157
v -0.3036849982731683 0.8412765716093271 -0.20483811777252986
v -0.339476315719036 0.7883401610574337 -0.22897966621877858
v -0.3689438317169143 0.7300325188655761 -0.24885575672953797
v -0.39153862219844404 0.667439806085493 -0.2640961353456
v -0.40683978896793976 0.601728006526317 -0.27441690264925117
v -0.4145623002394051 0.5341212066823355 -0.2796258022732662
v -0.4145623002394051 0.4658787933176646 -0.2796258022732662
v -0.4068397889679398 0.3982719934736832 -0.2744169026492512
v -0.39153862219844404 0.3325601939145069 -0.2640961353456
v -0.3689438317169143 0.2699674811344239 -0.24885575672953797
v -0.339476315719036 0.21165983894256646 -0.2289796662187786
v -0.30368499827316836 0.15872342839067305 -0.20483811777252992
v -0.26223660390355436 0.11214435464779005 -0.17688082276078154
v -0.21590323777392637 0.07279029772675571 -0.145628572692369
v -0.165548002829184 0.04139434924727359 -0.11166353785453888
v -0.11210892182058413 0.018541356326100433 -0.07561842258200585
v -0.05658146371669267 0.004657026981834622 -0.03816467917231999
v -0.06134231354885826 0.9953429730181653 -0.029918645375803382
v -0.12154193586041574 0.9814586436738997 -0.05927996299650652
v -0.17947746187306776 0.9586056507527265 -0.08753700706858211
v -0.23406966235542348 0.9272097022732443 -0.11416340232534797
v -0.28430158790490667 0.88785564535221 -0.13866314940224506
v -0.32923751279098357 0.8412765716093271 -0.16057986436653246
v -0.36804036575506155 0.7883401610574337 -0.17950528028644275
v -0.3999873230642371 0.7300325188655761 -0.19508685247165003
v -0.42448327334980485 0.667439806085493 -0.20703432571381064
v -0.44107190340606245 0.601728006526317 -0.21512514119191062
v -0.4494441984419553 0.5341212066823355 -0.21920858232200377
v -0.4494441984419553 0.4658787933176646 -0.21920858232200377
v -0.4410719034060625 0.3982719934736832 -0.21512514119191065
v -0.42448327334980485 0.3325601939145069 -0.20703432571381064
v -0.3999873230642371 0.2699674811344239 -0.19508685247165003
v -0.3680403657550616 0.21165983894256646 -0.17950528028644278
v -0.3292375127909837 0.15872342839067305 -0.16057986436653252
v -0.2843015879049066 0.11214435464779005 -0.13866314940224503
v -0.23406966235542342 0.07279029772675571 -0.11416340232534794
v -0.1794774618730679 0.04139434924727359 -0.08753700706858218
v -0.12154193586041594 0.018541356326100433 -0.05927996299650662
v -0.06134231354885829 0.004657026981834622 -0.029918645375803393
v -0.06490920502364282 0.9953429730181653 -0.021090279179001473
v -0.12860927437062747 0.9814586436738997 -0.0417876863612388
v -0.1899135962741794 0.9586056507527265 -0.061706668011905205
v -0.24768018720946688 0.9272097022732443 -0.08047617119100939
v -0.300832964885953 0.88785564535221 -0.09774655556758848
v -0.34838179362444244 0.8412765716093271 -0.11319610655752894
v -0.389440928711376 0.7883401610574337 -0.12653702825756127
v -0.42324551614695105 0.7300325188655761 -0.13752080453840704
v -0.44916584042797864 0.667439806085493 -0.14594282843005696
v -0.46671905495624005 0.601728006526317 -0.15164621356249072
v -0.4755781765570313 0.5341212066823355 -0.15452471666191017
v -0.4755781765570313 0.4658787933176646 -0.15452471666191017
v -0.4667190549562401 0.3982719934736832 -0.15164621356249072
v -0.44916584042797864 0.3325601939145069 -0.14594282843005696
v -0.42324551614695105 0.2699674811344239 -0.13752080453840704
v -0.38944092871137603 0.21165983894256646 -0.12653702825756127
v -0.34838179362444255 0.15872342839067305 -0.11319610655752899
v -0.30083296488595296 0.11214435464779005 -0.09774655556758846
v -0.24768018720946683 0.07279029772675571 -0.08047617119100937
v -0.18991359627417953 0.04139434924727359 -0.061706668011905254
v -0.12860927437062766 0.018541356326100433 -0.04178768636123887
v -0.06490920502364285 0.004657026981834622 -0.02109027917900148
v -0.06721271265576854 0.9953429730181653 -0.011851414687817299
v -0.13317337964609624 0.9814586436738997 -0.02348205994373829
v -0.19665327854732803 0.9586056507527265 -0.0346752788526711
v -0.25646989895151523 0.9272097022732443 -0.04522256292472578
v -0.31150897039791997 0.88785564535221 -0.054927436213867815
v -0.3607452191234182 0.8412765716093271 -0.06360911529304593
v -0.40326146697281406 0.7883401610574337 -0.07110587690738267
v -0.43826571669250347 0.7300325188655761 -0.07727807057242063
v -0.46510590534079255 0.667439806085493 -0.08201071999841907
v -0.4832820509867508 0.601728006526317 -0.0852156648810882
v -0.4924555664275824 0.5341212066823355 -0.08683320316125252
v -0.4924555664275824 0.4658787933176646 -0.08683320316125252
v -0.48328205098675087 0.3982719934736832 -0.0852156648810882
v -0.46510590534079255 0.3325601939145069 -0.08201071999841907
v -0.43826571669250347 0.2699674811344239 -0.07727807057242063
v -0.4032614669728141 0.21165983894256646 -0.07110587690738267
v -0.36074521912341834 0.15872342839067305 -0.06360911529304594
v -0.3115089703979199 0.11214435464779005 -0.05492743621386781
v -0.2564698989515152 0.07279029772675571 -0.045222562924725776
v -0.19665327854732817 0.04139434924727359 -0.034675278852671125
v -0.13317337964609643 0.018541356326100433 -0.02348205994373833
v -0.06721271265576857 0.004657026981834622 -0.011851414687817304
v -0.06820800128937722 0.9953429730181653 -0.0023818758905191596
v -0.13514541656922788 0.9814586436738997 -0.004719381939880202
v -0.19956532844334182 0.9586056507527265 -0.006968974833114825
v -0.26026771584065844 0.9272097022732443 -0.009088748911015278
v -0.3161218081372934 0.88785564535221 -0.011039216793276858
v -0.3660871492737615 0.8412765716093271 -0.01278404495367999
v -0.4092329794827463 0.7883401610574337 -0.014290730544938025
v -0.4447555735825002 0.7300325188655761 -0.01553120686524444
v -0.47199321285627394 0.667439806085493 -0.016482366187823262
v -0.4904385116199897 0.601728006526317 -0.017126490214157398
v -0.4997478688575251 0.5341212066823355 -0.017451580132365703
v -0.4997478688575251 0.4658787933176646 -0.017451580132365703
v -0.49043851161998975 0.3982719934736832 -0.017126490214157398
v -0.47199321285627394 0.3325601939145069 -0.016482366187823262
v -0.4447555735825002 0.2699674811344239 -0.01553120686524444
v -0.40923297948274634 0.21165983894256646 -0.014290730544938027
v -0.3660871492737616 0.15872342839067305 -0.012784044953679994
v -0.31612180813729335 0.11214435464779005 -0.011039216793276857
v -0.2602677158406584 0.07279029772675571 -0.009088748911015276
v -0.199565328443342 0.04139434924727359 -0.006968974833114831
v -0.1351454165692281 0.018541356326100433 -0.00471938193988021
v -0.06820800128937725 0.004657026981834622 -0.0023818758905191605
v -0.06787569876333968 0.9953429730181653 0.007134023411644267
v -0.13448700168447236 0.9814586436738997 0.014135153465220264
v -0.19859306622340253 0.9586056507527265 0.020872972354476646
v -0.2589997176911021 0.9272097022732443 0.027221967261949483
v -0.3145816944645015 0.88785564535221 0.033063868425272244
v -0.36430360948145124 0.8412765716093271 0.03828985227907373
v -0.40723923754266156 0.7883401610574337 0.04280256863209877
v -0.44258876913468015 0.7300325188655761 0.046517954117077764
v -0.46969370936782995 0.667439806085493 0.04936679813220486
v -0.48804914449008385 0.601728006526317 0.0512960321036981
v -0.49731314747493127 0.5341212066823355 0.05226971805291943
v -0.49731314747493127 0.4658787933176646 0.05226971805291943
v -0.4880491444900839 0.3982719934736832 0.051296032103698104
v -0.46969370936782995 0.3325601939145069 0.04936679813220486
v -0.44258876913468015 0.2699674811344239 0.046517954117077764
v -0.4072392375426616 0.21165983894256646 0.042802568632098775
v -0.36430360948145135 0.15872342839067305 0.038289852279073736
v -0.31458169446450146 0.11214435464779005 0.033063868425272244
v -0.258999717691102 0.07279029772675571 0.027221967261949476
v -0.1985930662234027 0.04139434924727359 0.020872972354476663
v -0.13448700168447256 0.018541356326100433 0.014135153465220287
v -0.06787569876333971 0.004657026981834622 0.00713402341164427
v -0.06622227296833676 0.9953429730181653 0.016511067062931335
v -0.13121095028862564 0.9814586436738997 0.03271456418661886
v -0.1937554158656894 0.9586056507527265 0.0483086508778422
v -0.2526905846445007 0.9272097022732443 0.06300283880668898
v -0.306918605940332 0.88785564535221 0.07652340305451606
v -0.3554293143197985 0.8412765716093271 0.08861848109127639
v -0.39731904707157595 0.7883401610574337 0.09906276449791161
v -0.4318074777329168 0.7300325188655761 0.10766169603589922
v -0.45825215209521697 0.667439806085493 0.1142550938804898
v -0.47616045591035233 0.601728006526317 0.11872013550502639
v -0.48519879136205896 0.5341212066823355 0.12097364563222712
v -0.48519879136205896 0.4658787933176646 0.12097364563222712
v -0.4761604559103524 0.3982719934736832 0.1187201355050264
v -0.45825215209521697 0.3325601939145069 0.1142550938804898
v -0.4318074777329168 0.2699674811344239 0.10766169603589922
v -0.397319047071576 0.21165983894256646 0.09906276449791163
v -0.35542931431979863 0.15872342839067305 0.08861848109127642
v -0.30691860594033193 0.11214435464779005 0.07652340305451605
v -0.25269058464450067 0.07279029772675571 0.06300283880668897
v -0.19375541586568956 0.04139434924727359 0.048308650877842245
v -0.13121095028862587 0.018541356326100433 0.03271456418661891
v -0.06622227296833678 0.004657026981834622 0.01651106706293134
v -0.06327990595672418 0.9953429730181653 0.02556674157489892
v -0.12538102699565465 0.9814586436738997 0.05065722312839025
v -0.18514653673166953 0.9586056507527265 0.07480405646214666
v -0.24146311679907395 0.9272097022732443 0.09755743175872347
v -0.2932816958662736 0.88785564535221 0.11849349668738482
v -0.33963699184976354 0.8412765716093271 0.13722225197106586
v -0.3796654932929595 0.7883401610574337 0.15339481633499744
v -0.412621544950808 0.7300325188655761 0.16670992550474642
v -0.43789123793616763 0.667439806085493 0.1769195441896344
v -0.4550038456808165 0.601728006526317 0.18383348651090237
v -0.463640592680769 0.5341212066823355 0.1873229588047863
v -0.463640592680769 0.4658787933176646 0.1873229588047863
v -0.45500384568081653 0.3982719934736832 0.18383348651090237
v -0.43789123793616763 0.3325601939145069 0.1769195441896344
v -0.412621544950808 0.2699674811344239 0.16670992550474642
v -0.37966549329295957 0.21165983894256646 0.15339481633499746
v -0.33963699184976365 0.15872342839067305 0.13722225197106588
v -0.29328169586627356 0.11214435464779005 0.11849349668738479
v -0.2414631167990739 0.07279029772675571 0.09755743175872346
v -0.1851465367316697 0.04139434924727359 0.07480405646214672
v -0.12538102699565487 0.018541356326100433 0.050657223128390334
v -0.0632799059567242 0.004657026981834622 0.02556674157489893
v -0.059105867555490126 0.9953429730181653 0.0341247885438486
v -0.1171107046310176 0.9814586436738997 0.06761389684370478
v -0.17293399086123182 0.9586056507527265 0.0998434861757685
v -0.22553584404537763 0.9272097022732443 0.13021318027150827
v -0.2739363911851628 0.88785564535221 0.15815724919158838
v -0.3172340216647251 0.8412765716093271 0.18315514780423664
v -0.35462218255049327 0.7883401610574337 0.20474121255613997
v -0.38540440314628255 0.7300325188655761 0.22251333590337335
v -0.4090072689245914 0.667439806085493 0.23614045681412657
v -0.42499110315430694 0.601728006526317 0.2453687278093352
v -0.4330581572463054 0.5341212066823355 0.2500262436609178
v -0.4330581572463054 0.4658787933176646 0.2500262436609178
v -0.424991103154307 0.3982719934736832 0.24536872780933522
v -0.4090072689245914 0.3325601939145069 0.23614045681412657
v -0.38540440314628255 0.2699674811344239 0.22251333590337335
v -0.3546221825504933 0.21165983894256646 0.20474121255614
v -0.3172340216647252 0.15872342839067305 0.1831551478042367
v -0.2739363911851627 0.11214435464779005 0.15815724919158836
v -0.2255358440453776 0.07279029772675571 0.13021318027150824
v -0.17293399086123196 0.04139434924727359 0.09984348617576859
v -0.11711070463101779 0.018541356326100433 0.06761389684370489
v -0.05910586755549015 0.004657026981834622 0.034124788543848615
v -0.05378140067421635 0.9953429730181653 0.042018635320163866
v -0.10656095561218995 0.9814586436738997 0.08325454296662424
v -0.15735548156817936 0.9586056507527265 0.1229395760012611
v -0.2052187726305584 0.9272097022732443 0.16033447734560521
v -0.24925922624765945 0.88785564535221 0.19474265074148198
v -0.2886564520963342 0.8412765716093271 0.22552313702129048
v -0.3226765544014359 0.7883401610574337 0.2521025539645544
v -0.3506858030255259 0.7300325188655761 0.27398577732380897
v -0.372162438662271 0.667439806085493 0.29076516405251984
v -0.3867063922251138 0.601728006526317 0.3021281459237501
v -0.39404673737739554 0.5341212066823355 0.30786305208482606
v -0.39404673737739554 0.4658787933176646 0.30786305208482606
v -0.3867063922251139 0.3982719934736832 0.3021281459237501
v -0.372162438662271 0.3325601939145069 0.29076516405251984
v -0.3506858030255259 0.2699674811344239 0.27398577732380897
v -0.32267655440143594 0.21165983894256646 0.25210255396455444
v -0.2886564520963343 0.15872342839067305 0.22552313702129054
v -0.2492592262476594 0.11214435464779005 0.19474265074148195
v -0.20521877263055835 0.07279029772675571 0.1603344773456052
v -0.1573554815681795 0.04139434924727359 0.1229395760012612
v -0.10656095561219013 0.018541356326100433 0.08325454296662436
v -0.05378140067421638 0.004657026981834622 0.04201863532016388
v -0.04741014000425547 0.9953429730181653 0.04909463715546145
v -0.09393711880366143 0.9814586436738997 0.09727473411133744
v -0.13871422681560958 0.9586056507527265 0.1436427868215843
v -0.18090735123937923 0.9272097022732443 0.187335046195935
v -0.21973051399941276 0.88785564535221 0.22753760811117485
v -0.2544605130297357 0.8412765716093271 0.2635015749049913
v -0.2844503941600948 0.7883401610574337 0.29455700592245393
v -0.3091415026480657 0.7300325188655761 0.3201253972428394
v -0.32807388985988883 0.667439806085493 0.33973045811310315
v -0.3408948812432601 0.601728006526317 0.35300698334343183
v -0.3473656459869548 0.5341212066823355 0.35970765638893487
v -0.3473656459869548 0.4658787933176646 0.35970765638893487
v -0.3408948812432602 0.3982719934736832 0.35300698334343183
v -0.32807388985988883 0.3325601939145069 0.33973045811310315
v -0.3091415026480657 0.2699674811344239 0.3201253972428394
v -0.2844503941600949 0.21165983894256646 0.294557005922454
v -0.25446051302973577 0.15872342839067305 0.2635015749049914
v -0.21973051399941274 0.11214435464779005 0.2275376081111748
v -0.18090735123937918 0.07279029772675571 0.18733504619593494
v -0.1387142268156097 0.04139434924727359 0.1436427868215844
v -0.09393711880366158 0.018541356326100433 0.09727473411133761
v -0.04741014000425549 0.004657026981834622 0.049094637155461474
v -0.0401160948873467 0.9953429730181653 0.05521506772285005
v -0.07948490282950854 0.9814586436738997 0.10940158320494353
v -0.11737305742316831 0.9586056507527265 0.16155015418767363
v -0.15307477403538758 0.9272097022732443 0.21068935146251758
v -0.18592499723592268 0.88785564535221 0.2559038047591768
v -0.21531178952155694 0.8412765716093271 0.29635125436176546
v -0.24068773055395523 0.7883401610574337 0.3312782408137011
v -0.2615801145648083 0.7300325188655761 0.3600341404417802
v -0.27759975596990255 0.667439806085493 0.3820832852441834
v -0.2884482391601865 0.601728006526317 0.39701494137182575
v -0.2939234774199439 0.5341212066823355 0.40455096032282784
v -0.2939234774199439 0.4658787933176646 0.40455096032282784
v -0.2884482391601866 0.3982719934736832 0.3970149413718258
v -0.27759975596990255 0.3325601939145069 0.3820832852441834
v -0.2615801145648083 0.2699674811344239 0.3600341404417802
v -0.24068773055395526 0.21165983894256646 0.33127824081370116
v -0.215311789521557 0.15872342839067305 0.29635125436176557
v -0.18592499723592265 0.11214435464779005 0.25590380475917673
v -0.15307477403538755 0.07279029772675571 0.21068935146251752
v -0.1173730574231684 0.04139434924727359 0.16155015418767377
v -0.07948490282950868 0.018541356326100433 0.10940158320494371
v -0.040116094887346715 0.004657026981834622 0.05521506772285007
v -0.03204123561483733 0.9953429730181653 0.060260799803222
v -0.06348560363451618 0.9814586436738997 0.11939905492392183
v -0.09374735497785902 0.9586056507527265 0.17631313156307665
v -0.1222627704747718 0.9272097022732443 0.22994282815846742
v -0.1485006618877851 0.88785564535221 0.2792891249338048
v -0.17197226694387155 0.8412765716093271 0.3234327937469434
v -0.19224035405081852 0.7883401610574337 0.3615515215709233
v -0.20892736709451706 0.7300325188655761 0.3929352286297866
v -0.22172245859500425 0.667439806085493 0.41699929584128076
v -0.23038728020686886 0.601728006526317 0.43329545516421936
v -0.23476042269795397 0.5341212066823355 0.4415201399839337
v -0.23476042269795397 0.4658787933176646 0.4415201399839337
v -0.23038728020686888 0.3982719934736832 0.4332954551642194
v -0.22172245859500425 0.3325601939145069 0.41699929584128076
v -0.20892736709451706 0.2699674811344239 0.3929352286297866
v -0.19224035405081855 0.21165983894256646 0.3615515215709233
v -0.1719722669438716 0.15872342839067305 0.32343279374694345
v -0.14850066188778507 0.11214435464779005 0.27928912493380476
v -0.12226277047477177 0.07279029772675571 0.22994282815846737
v -0.0937473549778591 0.04139434924727359 0.1763131315630768
v -0.06348560363451627 0.018541356326100433 0.11939905492392203
v -0.032041235614837335 0.004657026981834622 0.06026079980322203
v -0.02334273013745052 0.9953429730181653 0.06413362396106803
v -0.04625062937858186 0.9814586436738997 0.12707255985321794
v -0.06829696690394166 0.9586056507527265 0.18764437438581894
v -0.08907106115870496 0.9272097022732443 0.24472072926040297
v -0.10818593007300133 0.88785564535221 0.29723839997826723
v -0.12528549980567835 0.8412765716093271 0.3442190817011869
v -0.14005123772624464 0.7883401610574337 0.3847876132195276
v -0.15220808607508912 0.7300325188655761 0.4181882795497119
v -0.16152958576911322 0.667439806085493 0.4437988894744962
v -0.16784209490597196 0.601728006526317 0.4611423657881165
v -0.17102802338417167 0.5341212066823355 0.4698956323419677
v -0.17102802338417167 0.4658787933176646 0.4698956323419677
v -0.16784209490597196 0.3982719934736832 0.46114236578811657
v -0.16152958576911322 0.3325601939145069 0.4437988894744962
v -0.15220808607508912 0.2699674811344239 0.4181882795497119
v -0.14005123772624467 0.21165983894256646 0.38478761321952765
v -0.12528549980567838 0.15872342839067305 0.34421908170118704
v -0.10818593007300131 0.11214435464779005 0.2972383999782672
v -0.08907106115870495 0.07279029772675571 0.24472072926040292
v -0.06829696690394171 0.04139434924727359 0.1876443743858191
v -0.04625062937858194 0.018541356326100433 0.12707255985321814
v -0.023342730137450526 0.004657026981834622 0.06413362396106806
v -0.014189884969900165 0.9953429730181653 0.06675816007942792
v -0.02811543923110451 0.9814586436738997 0.1322727419478657
v -0.04151725605588732 0.9586056507527265 0.19532333290345363
v -0.0541456849540141 0.9272097022732443 0.2547354197329886
v -0.06576548218901784 0.88785564535221 0.3094022676708215
v -0.0761601929239111 0.8412765716093271 0.3583055367735192
v -0.08513618336525083 0.7883401610574337 0.40053425166623674
v -0.09252624779434099 0.7300325188655761 0.4353017712903199
v -0.0981927232934065 0.667439806085493 0.46196044253784535
v -0.10203005414528313 0.601728006526317 0.48001366480361474
v -0.10396675813670925 0.5341212066823355 0.4891251407148251
v -0.10396675813670925 0.4658787933176646 0.4891251407148251
v -0.10203005414528314 0.3982719934736832 0.4800136648036148
v -0.0981927232934065 0.3325601939145069 0.46196044253784535
v -0.09252624779434099 0.2699674811344239 0.4353017712903199
v -0.08513618336525085 0.21165983894256646 0.4005342516662368
v -0.07616019292391113 0.15872342839067305 0.3583055367735193
v -0.06576548218901783 0.11214435464779005 0.30940226767082146
v -0.05414568495401409 0.07279029772675571 0.2547354197329885
v -0.04151725605588735 0.04139434924727359 0.1953233329034538
v -0.028115439231104558 0.018541356326100433 0.1322727419478659
v -0.014189884969900172 0.004657026981834622 0.06675816007942795
v -0.004760849832165627 0.9953429730181653 0.0680833245481233
v -0.009433014039831822 0.9814586436738997 0.13489838557851214
v -0.01392945904388393 0.9586056507527265 0.19920054492312073
v -0.018166424581497125 0.9272097022732443 0.2597919750177168
v -0.022064984001352338 0.88785564535221 0.3155439721630264
v -0.025552514517815362 0.8412765716093271 0.36541798213906207
v -0.02856405003602564 0.7883401610574337 0.40848494650522105
v -0.031043491347322934 0.7300325188655761 0.44394260920118767
v -0.0329446511513609 0.667439806085493 0.4711304610594103
v -0.03423211443812279 0.601728006526317 0.48954204384116146
v -0.03488189820255033 0.5341212066823355 0.49883438459526963
v -0.03488189820255033 0.4658787933176646 0.49883438459526963
v -0.034232114438122796 0.3982719934736832 0.4895420438411615
v -0.0329446511513609 0.3325601939145069 0.4711304610594103
v -0.031043491347322934 0.2699674811344239 0.44394260920118767
v -0.028564050036025645 0.21165983894256646 0.4084849465052211
v -0.02555251451781537 0.15872342839067305 0.3654179821390622
v -0.022064984001352334 0.11214435464779005 0.3155439721630263
v -0.018166424581497122 0.07279029772675571 0.2597919750177167
v -0.013929459043883942 0.04139434924727359 0.1992005449231209
v -0.009433014039831837 0.018541356326100433 0.13489838557851236
v -0.004760849832165629 0.004657026981834622 0.06808332454812333
vt 0.10394467876070822 0.8970005833639585
vt 0.10630373853361183 0.8973249112079189
vt 0.10280071035296119 0.9140631505671472
vt 0.10394467876070822 0.8970005833639585
vt 0.10511186626070822 0.8799412083639585
vt 0.10978354762200947 0.8805834796455021
vt 0.10630373853361183 0.8973249112079189
vt 0.10511186626070822 0.8799412083639585
vt 0.10623686626070822 0.8628818333639585
vt 0.11314216807162757 0.863796567500601
vt 0.1097866533547761 0.8805604698319681
vt 0.10623686626070822 0.8628818333639585
vt 0.10742692293994972 0.8458310763167937
vt 0.11643262610923753 0.8470240472163987
vt 0.11314216807162757 0.863796567500601
vt 0.10742692293994972 0.8458310763167937
vt 0.1087021728896265 0.8287916046840558
vt 0.11963789087641219 0.8302402415177694
vt 0.11643262610923753 0.8470240472163987
vt 0.1087021728896265 0.8287916046840558
vt 0.11007810579527227 0.8117654703592769
vt 0.12274247268761786 0.813443098511181
vt 0.11963789087641219 0.8302402415177694
vt 0.108709375 0.6559776831629192
vt 0.10795625 0.6389183081629193
vt 0.1222375 0.6389183081629193
vt 0.121484375 0.6559776831629192
vt 0.10795625 0.6389183081629193
vt 0.1073359375 0.6218589331629192
vt 0.1228578125 0.6218589331629192
vt 0.1222375 0.6389183081629193
vt 0.1073359375 0.6218589331629192
vt 0.1068609375 0.6047995581629193
vt 0.1233328125 0.6047995581629193
vt 0.1228578125 0.6218589331629192
vt 0.1068609375 0.6047995581629193
vt 0.1065390625 0.5877401831629192
vt 0.1236546875 0.5877401831629192
vt 0.1233328125 0.6047995581629193
vt 0.1065390625 0.5877401831629192
vt 0.1063765625 0.5706808081629192
vt 0.12381718750000001 0.5706808081629192
vt 0.1236546875 0.5877401831629192
vt 0.1063765625 0.5706808081629192
vt 0.1063765625 0.5536214331629192
vt 0.12381718750000001 0.5536214331629192
vt 0.12381718750000001 0.5706808081629192
vt 0.10647147262235276 0.5503009105316212
vt 0.1079322040051292 0.5333034123195902
vt 0.12499815984621426 0.5346063974963131
vt 0.12386148532074526 0.5516286374389228
vt 0.1079322040051292 0.5333034123195902
vt 0.10955184788523911 0.516318047071593
vt 0.12597592187434983 0.5175720245896698
vt 0.12499815984621426 0.5346063974963131
vt 0.10955184788523911 0.516318047071593
vt 0.11132417240004194 0.49934433898511843
vt 0.12680100326779245 0.5005259945215037
vt 0.12597592187434983 0.5175720245896698
vt 0.11132417240004194 0.49934433898511843
vt 0.11324138772123707 0.4823816933070275
vt 0.12748119385484283 0.4834689020449541
vt 0.12680100326779245 0.5005259945215037
vt 0.11324138772123707 0.4823816933070275
vt 0.11529103012354339 0.46542915843229804
vt 0.128028957360782 0.4664016987650428
vt 0.12748119385484283 0.4834689020449541
vt 0.267843748369541 0.8249099914261492
vt 0.26633746361951627 0.8078948937873435
vt 0.27726176673311714 0.8063625498166012
vt 0.28049489599798305 0.8231354242441677
vt 0.26633746361951627 0.8078948937873435
vt 0.26493175673101904 0.7908656881658043
vt 0.2739280596067238 0.7896037833717681
vt 0.27726176673311714 0.8063625498166012
vt 0.26493175673101904 0.7908656881658043
vt 0.26361115418689124 0.7738245450204136
vt 0.270509248135961 0.7728569544507864
vt 0.2739280596067238 0.7896037833717681
vt 0.26361115418689124 0.7738245450204136
vt 0.26235554041482734 0.7567742859477183
vt 0.2670254478931343 0.7561192414571093
vt 0.270509248135961 0.7728569544507864
vt 0.26235554041482734 0.7567742859477183
vt 0.26114170513909024 0.7397181666360415
vt 0.2634998691539808 0.7393873887024138
vt 0.2670254478931343 0.7561192414571093
vt 0.2634998691539808 0.7393873887024138
vt 0.26114170513909024 0.7397181666360415
vt 0.25995108013909024 0.7226587916360414
vt 0.10630373853361183 0.8973249112079189
vt 0.1085966411947201 0.8979675222482711
vt 0.10284649738479204 0.9140726676821502
vt 0.10630373853361183 0.8973249112079189
vt 0.10978354762200947 0.8805834796455021
vt 0.11432421706507033 0.8818560519025775
vt 0.1085966411947201 0.8979675222482711
vt 0.1097866533547761 0.8805604698319681
vt 0.11314216807162757 0.863796567500601
vt 0.11986754512812244 0.8656101923484119
vt 0.11433963405385673 0.881788267003501
vt 0.11314216807162757 0.863796567500601
vt 0.11656104434890362 0.8470497518097919
vt 0.12533209464196354 0.8494150310527647
vt 0.11986754512812244 0.8656101923484119
vt 0.11656104434890362 0.8470497518097919
vt 0.12006289409816423 0.8303253114816185
vt 0.13071367068382012 0.8331974943944819
vt 0.12533209464196354 0.8494150310527647
vt 0.12006289409816423 0.8303253114816185
vt 0.12366280340522479 0.8136273147638325
vt 0.13599718716787668 0.8169535141258115
vt 0.13071367068382012 0.8331974943944819
vt 0.12614999999999998 0.6559776831629192
vt 0.12539687500000002 0.6389183081629193
vt 0.139678125 0.6389183081629193
vt 0.138925 0.6559776831629192
vt 0.12539687500000002 0.6389183081629193
vt 0.12477656250000001 0.6218589331629192
vt 0.1402984375 0.6218589331629192
vt 0.139678125 0.6389183081629193
vt 0.12477656250000001 0.6218589331629192
vt 0.1243015625 0.6047995581629193
vt 0.1407734375 0.6047995581629193
vt 0.1402984375 0.6218589331629192
vt 0.1243015625 0.6047995581629193
vt 0.1239796875 0.5877401831629192
vt 0.14109531250000001 0.5877401831629192
vt 0.1407734375 0.6047995581629193
vt 0.1239796875 0.5877401831629192
vt 0.12381718750000001 0.5706808081629192
vt 0.1412578125 0.5706808081629192
vt 0.14109531250000001 0.5877401831629192
vt 0.12381718750000001 0.5706808081629192
vt 0.12381718750000001 0.5536214331629192
vt 0.1412578125 0.5536214331629192
vt 0.1412578125 0.5706808081629192
vt 0.12386148532074526 0.5516286374389228
vt 0.12499815984621426 0.5346063974963131
vt 0.14208584002844726 0.5355840503643325
vt 0.14127363487288008 0.5526248544658382
vt 0.12499815984621426 0.5346063974963131
vt 0.12629394915884667 0.5175932611316236
vt 0.14273893039685107 0.5185341426849065
vt 0.14208584002844726 0.5355840503643325
vt 0.12629394915884667 0.5175932611316236
vt 0.12774261346306742 0.5005888713417987
vt 0.14323914577366653 0.5014754884306161
vt 0.1427389303968511 0.5185341426849065
vt 0.12774261346306742 0.5005888713417987
vt 0.1293363530144077 0.4835927818730188
vt 0.14359428590336237 0.4844085338552806
vt 0.14323914577366653 0.5014754884306161
vt 0.1293363530144077 0.4835927818730188
vt 0.1310626882217175 0.4666042787191723
vt 0.14381683037708876 0.46733399296501177
vt 0.14359428590336237 0.4844085338552806
vt 0.28197087931181 0.8228223105174466
vt 0.27811564137747985 0.8061814096441178
vt 0.2887211775110241 0.8031464335515287
vt 0.29425287129875866 0.8193075846629128
vt 0.27811564137747985 0.8061814096441178
vt 0.27435804648120643 0.7895125663563389
vt 0.2830918406852328 0.7870132248545949
vt 0.2887211775110241 0.8031464335515287
vt 0.27435804648120643 0.7895125663563389
vt 0.27068307261713487 0.7728200794871022
vt 0.2773798828272397 0.7709036597391189
vt 0.2830918406852328 0.7870132248545949
vt 0.27068307261713487 0.7728200794871022
vt 0.26707119117765377 0.7561095375192977
vt 0.2716048325446561 0.7548121497222107
vt 0.2773798828272397 0.7709036597391189
vt 0.26707119117765377 0.7561095375192977
vt 0.2634998691539808 0.7393873887024138
vt 0.26578922284626433 0.7387322465543819
vt 0.2716048325446561 0.7548121497222107
vt 0.26578922284626433 0.7387322465543819
vt 0.2634998691539808 0.7393873887024138
vt 0.25995108013909024 0.7226587916360414
vt 0.1085966411947201 0.8979675222482711
vt 0.11078065285993023 0.8989164398467622
vt 0.10289056150217706 0.9140883323341074
vt 0.1085966411947201 0.8979675222482711
vt 0.11432421706507033 0.8818560519025775
vt 0.11864924803987621 0.8837352076192745
vt 0.11078065285993023 0.8989164398467622
vt 0.11433963405385673 0.881788267003501
vt 0.11986754512812244 0.8656101923484119
vt 0.12629651220688048 0.8682912954685605
vt 0.11869194958631339 0.8836033341225249
vt 0.11986754512812244 0.8656101923484119
vt 0.12545602520582194 0.849457377076689
vt 0.13384050582401374 0.85295399743123
vt 0.12629651220688048 0.8682912954685605
vt 0.12545602520582194 0.849457377076689
vt 0.1311238218356371 0.8333376395688978
vt 0.14130518288903132 0.8375836216299677
vt 0.13384050582401374 0.85295399743123
vt 0.13112382183563703 0.8333376395688978
vt 0.1368853562088616 0.8172569939639354
vt 0.14867612221063947 0.8221741539258767
vt 0.14130518288903132 0.8375836216299677
vt 0.143590625 0.6559776831629192
vt 0.1428375 0.6389183081629193
vt 0.15711875 0.6389183081629193
vt 0.156365625 0.6559776831629192
vt 0.1428375 0.6389183081629193
vt 0.1422171875 0.6218589331629192
vt 0.1577390625 0.6218589331629192
vt 0.15711875 0.6389183081629193
vt 0.1422171875 0.6218589331629192
vt 0.1417421875 0.6047995581629193
vt 0.1582140625 0.6047995581629193
vt 0.1577390625 0.6218589331629192
vt 0.1417421875 0.6047995581629193
vt 0.1414203125 0.5877401831629192
vt 0.1585359375 0.5877401831629192
vt 0.1582140625 0.6047995581629193
vt 0.1414203125 0.5877401831629192
vt 0.1412578125 0.5706808081629192
vt 0.1586984375 0.5706808081629192
vt 0.1585359375 0.5877401831629192
vt 0.1412578125 0.5706808081629192
vt 0.1412578125 0.5536214331629192
vt 0.1586984375 0.5536214331629192
vt 0.1586984375 0.5706808081629192
vt 0.14127363487288008 0.5526248544658382
vt 0.14208584002844726 0.5355840503643325
vt 0.15918904323111074 0.5362360161218893
vt 0.15870160220427773 0.5532892000734564
vt 0.14208584002844726 0.5355840503643324
vt 0.1430573045163745 0.5185493171508375
vt 0.15951722492558373 0.5191767612823114
vt 0.15918904323111074 0.5362360161218893
vt 0.1430573045163745 0.5185493171508375
vt 0.1441817828726476 0.5015204167513139
vt 0.15969239275171085 0.5021116736287623
vt 0.15951722492558376 0.5191767612823114
vt 0.1441817828726476 0.5015204167513139
vt 0.14545146826724895 0.4844970515732119
vt 0.1597223535395097 0.48504105075379145
vt 0.15969239275171085 0.5021116736287623
vt 0.14545146826724895 0.4844970515732119
vt 0.14685386977215034 0.46747874546845214
vt 0.15961959821700852 0.46796536880547834
vt 0.1597223535395097 0.48504105075379145
vt 0.295671050669144 0.81879247863308
vt 0.289541611857528 0.8028484383276585
vt 0.29962274174654857 0.7983696777040936
vt 0.30734574160011174 0.8136057439506059
vt 0.289541611857528 0.8028484383276585
vt 0.28350498798115087 0.786863162974003
vt 0.29180692695774657 0.7831748465058151
vt 0.29962274174654857 0.7983696777040936
vt 0.28350498798115087 0.786863162974003
vt 0.27754689981920655 0.7708429964256882
vt 0.2839125764545116 0.7680149065021963
vt 0.29180692695774657 0.7831748465058151
vt 0.27754689981920655 0.7708429964256882
vt 0.2716487843846474 0.7547961856923605
vt 0.27595825322389156 0.75288161068359
vt 0.2839125764545116 0.7680149065021963
vt 0.2716487843846474 0.7547961856923605
vt 0.26578922284626433 0.7387322465543819
vt 0.2679653760970954 0.737765443269635
vt 0.27595825322389156 0.75288161068359
vt 0.2679653760970954 0.737765443269635
vt 0.26578922284626433 0.7387322465543819
vt 0.25995108013909024 0.7226587916360414
vt 0.11078065285993023 0.8989164398467622
vt 0.11281506909683724 0.9001539785885837
vt 0.10293208146184356 0.9141098525736773
vt 0.11078065285993023 0.8989164398467622
vt 0.11864924803987621 0.8837352076192745
vt 0.12267803294997158 0.8861859241040627
vt 0.11281506909683724 0.9001539785885837
vt 0.11869194958631339 0.8836033341225249
vt 0.12629651220688048 0.8682912954685605
vt 0.1323177179800064 0.8717934394802054
vt 0.12276821675170012 0.8859742337697084
vt 0.12629651220688048 0.8682912954685605
vt 0.13395780220350662 0.853012251441893
vt 0.14181049183225358 0.8575796505634056
vt 0.1323177179800064 0.8717934394802054
vt 0.13395780220350662 0.853012251441893
vt 0.14169337804973386 0.8377764146652569
vt 0.1512289798348997 0.8433226543965742
vt 0.14181049183225364 0.8575796505634056
vt 0.14169337804973392 0.8377764146652569
vt 0.14951674626367162 0.8225916410022944
vt 0.1605596754698353 0.8290145951160692
vt 0.1512289798348997 0.8433226543965742
vt 0.004595567639579315 0.4375
vt 0.0014036660004756313 0.42072498177102224
vt 0.01553728656813523 0.4186768432962287
vt 0.01723850875130633 0.4356678796313007
vt 0.160278125 0.6389183081629193
vt 0.1596578125 0.6218589331629192
vt 0.17517968750000001 0.6218589331629192
vt 0.17455937500000002 0.6389183081629193
vt 0.1596578125 0.6218589331629192
vt 0.1591828125 0.6047995581629193
vt 0.17565468750000002 0.6047995581629193
vt 0.17517968750000001 0.6218589331629192
vt 0.1591828125 0.6047995581629193
vt 0.15886093750000002 0.5877401831629192
vt 0.1759765625 0.5877401831629192
vt 0.17565468750000002 0.6047995581629193
vt 0.15886093750000002 0.5877401831629192
vt 0.1586984375 0.5706808081629192
vt 0.1761390625 0.5706808081629192
vt 0.1759765625 0.5877401831629192
vt 0.1586984375 0.5706808081629192
vt 0.1586984375 0.5536214331629192
vt 0.1761390625 0.5536214331629192
vt 0.1761390625 0.5706808081629192
vt 0.15870160220427773 0.5532892000734564
vt 0.15918904323111074 0.5362360161218893
vt 0.1763015625 0.5365620581629192
vt 0.1761390625 0.5536214331629192
vt 0.15918904323111074 0.5362360161218893
vt 0.15983583033840995 0.5191858681652268
vt 0.1763047164195338 0.5194996471680147
vt 0.1763015625 0.5365620581629192
vt 0.15983583033840998 0.5191858681652268
vt 0.16063571466027474 0.5021386371448453
vt 0.176154773124502 0.5024343192368291
vt 0.1763047164195338 0.5194996471680147
vt 0.16063571466027474 0.5021386371448453
vt 0.16158088511432925 0.48509417423746504
vt 0.17585954369728046 0.48536622319264233
vt 0.17615477312450203 0.5024343192368291
vt 0.23577866600047562 0.8839625182289778
vt 0.2389705676395793 0.8671875
vt 0.2516135087513063 0.8690196203686993
vt 0.24991228656813522 0.8860106567037713
vt 0.3086786188073585 0.8128986334224992
vt 0.30039382773421197 0.7979606054977508
vt 0.309755080248417 0.7921249026328177
vt 0.31951963871616024 0.8061404596797663
vt 0.30039382773421197 0.7979606054977508
vt 0.29219522383010565 0.7829688494304783
vt 0.2999043346116337 0.7781630737283931
vt 0.309755080248417 0.7921249026328177
vt 0.29219522383010565 0.7829688494304783
vt 0.2840695475305717 0.7679316310887622
vt 0.28998066137027795 0.764246707098412
vt 0.2999043346116337 0.7781630737283931
vt 0.2840695475305717 0.7679316310887622
vt 0.27599956140180215 0.7528596961011074
vt 0.28000129795815776 0.7503650571143696
vt 0.2899806613702779 0.764246707098412
vt 0.27599956140180215 0.7528596961011074
vt 0.2679653760970954 0.737765443269635
vt 0.2699861337219748 0.7365057249741451
vt 0.28000129795815776 0.7503650571143696
vt 0.2699861337219748 0.7365057249741451
vt 0.2679653760970954 0.737765443269635
vt 0.25995108013909024 0.7226587916360414
vt 0.11281506909683724 0.9001539785885837
vt 0.11466197355200862 0.9016570738936021
vt 0.10297028343715929 0.9141368273182329
vt 0.11281506909683724 0.9001539785885837
vt 0.12267803294997158 0.8861859241040627
vt 0.12633548547340157 0.8891625262238431
vt 0.11466197355200862 0.9016570738936021
vt 0.12276821675170012 0.8859742337697084
vt 0.1323177179800064 0.8717934394802054
vt 0.13782687364804697 0.8760559663676187
vt 0.12649783357676664 0.8888599013664364
vt 0.1323177179800064 0.8717934394802054
vt 0.14191912242456606 0.8576528035866806
vt 0.14910401050307392 0.8632118729728226
vt 0.13782687364804697 0.8760559663676187
vt 0.14191912242456606 0.8576528035866806
vt 0.15158849536660046 0.8435647560688418
vt 0.16031317886062613 0.8503151912023407
vt 0.14910401050307392 0.8632118729728226
vt 0.15158849536660046 0.8435647560688418
vt 0.1613381947147413 0.8295388584495409
vt 0.17144202081207188 0.8373563595333209
vt 0.16031317886062613 0.8503151912023407
vt 0.01723850875130633 0.4356678796313007
vt 0.01553728656813523 0.4186768432962287
vt 0.029796409665061058 0.41788216721805815
vt 0.029993715582867113 0.43495701840426326
vt 0.01553728656813523 0.4186768432962287
vt 0.013968671109607325 0.40167841664751947
vt 0.029466497022611823 0.4008147063454903
vt 0.029796409665061058 0.41788216721805815
vt 0.013968671109607325 0.40167841664751947
vt 0.012545143008630195 0.3846719041262424
vt 0.028991497022611827 0.38375533134549034
vt 0.029466497022611827 0.4008147063454903
vt 0.17662343749999998 0.6047995581629193
vt 0.1763015625 0.5877401831629192
vt 0.19341718749999998 0.5877401831629192
vt 0.1930953125 0.6047995581629193
vt 0.1763015625 0.5877401831629192
vt 0.1761390625 0.5706808081629192
vt 0.1935796875 0.5706808081629192
vt 0.19341718749999998 0.5877401831629192
vt 0.1761390625 0.5706808081629192
vt 0.1761390625 0.5536214331629192
vt 0.1935796875 0.5536214331629192
vt 0.1935796875 0.5706808081629192
vt 0.1761390625 0.5536214331629192
vt 0.1763015625 0.5365620581629192
vt 0.19341718749999998 0.5365620581629192
vt 0.1935796875 0.5536214331629192
vt 0.1763015625 0.5365620581629192
vt 0.17662343749999998 0.5195026831629193
vt 0.1930953125 0.5195026831629193
vt 0.19341718749999998 0.5365620581629192
vt 0.2469201430086302 0.9200155958737577
vt 0.2483436711096073 0.9030090833524805
vt 0.26384149702261184 0.9038727936545097
vt 0.26336649702261183 0.9209321686545097
vt 0.2483436711096073 0.9030090833524805
vt 0.24991228656813522 0.8860106567037713
vt 0.26417140966506103 0.8868053327819418
vt 0.26384149702261184 0.9038727936545097
vt 0.24991228656813522 0.8860106567037713
vt 0.2516135087513063 0.8690196203686993
vt 0.2643687155828671 0.8697304815957367
vt 0.26417140966506103 0.8868053327819418
vt 0.3207413695327749 0.8052550553877669
vt 0.310461866671252 0.7916126852738097
vt 0.3189217289613832 0.7845331933008983
vt 0.3305385131707512 0.7970564822474662
vt 0.310461866671252 0.7916126852738097
vt 0.30026025206027557 0.7779051357011784
vt 0.30722705650146864 0.7720750838130046
vt 0.31892172896138327 0.7845331933008983
vt 0.30026025206027557 0.7779051357011784
vt 0.29012454289206935 0.7641424342788997
vt 0.29546647859878394 0.7596721261747583
vt 0.30722705650146864 0.7720750838130046
vt 0.29012454289206935 0.7641424342788997
vt 0.28003916151652397 0.7503376168987086
vt 0.28365557290343846 0.7473112844944244
vt 0.29546647859878394 0.7596721261747583
vt 0.28003916151652397 0.7503376168987086
vt 0.2699861337219748 0.7365057249741451
vt 0.2718123136270966 0.7349775173584628
vt 0.28365557290343846 0.7473112844944244
vt 0.2718123136270966 0.7349775173584628
vt 0.2699861337219748 0.7365057249741451
vt 0.25995108013909024 0.7226587916360414
vt 0.11466197355200862 0.9016570738936021
vt 0.11628694461554577 0.9033977118815728
vt 0.1030044554402962 0.9141687538270221
vt 0.11466197355200862 0.9016570738936021
vt 0.12633548547340157 0.8891625262238431
vt 0.12955343998111485 0.8926095376724624
vt 0.11628694461554577 0.9033977118815728
vt 0.12649783357676664 0.8888599013664364
vt 0.13782687364804697 0.8760559663676187
vt 0.14272855924824568 0.8810050480922854
vt 0.12981620215940448 0.8922103564236469
vt 0.13782687364804697 0.8760559663676187
vt 0.14920209379900617 0.8632986579799351
vt 0.155594736257408 0.8697531131497898
vt 0.14272855924824568 0.8810050480922854
vt 0.14920209379900617 0.8632986579799351
vt 0.16063778786383054 0.8506024082496891
vt 0.1684004393527051 0.8584401195498566
vt 0.155594736257408 0.8697531131497898
vt 0.16063778786383054 0.8506024082496891
vt 0.17214495109958644 0.8379783187509602
vt 0.18113467327707067 0.8470549657184063
vt 0.1684004393527051 0.8584401195498566
vt 0.030839934522611825 0.4349334563454904
vt 0.030086809522611824 0.4178740813454903
vt 0.04436805952261182 0.4178740813454903
vt 0.04361493452261182 0.4349334563454904
vt 0.030086809522611824 0.4178740813454903
vt 0.029466497022611827 0.4008147063454903
vt 0.04498837202261183 0.4008147063454903
vt 0.04436805952261182 0.4178740813454903
vt 0.029466497022611827 0.4008147063454903
vt 0.028991497022611827 0.38375533134549034
vt 0.045463372022611824 0.38375533134549034
vt 0.04498837202261183 0.4008147063454903
vt 0.3303421875 0.6047995581629193
vt 0.3300203125 0.5877401831629192
vt 0.3471359375 0.5877401831629192
vt 0.3468140625 0.6047995581629193
vt 0.3300203125 0.5877401831629192
vt 0.3298578125 0.5706808081629192
vt 0.3472984375 0.5706808081629192
vt 0.3471359375 0.5877401831629192
vt 0.3298578125 0.5706808081629192
vt 0.3298578125 0.5536214331629192
vt 0.3472984375 0.5536214331629192
vt 0.3472984375 0.5706808081629192
vt 0.3298578125 0.5536214331629192
vt 0.3300203125 0.5365620581629192
vt 0.3471359375 0.5365620581629192
vt 0.3472984375 0.5536214331629192
vt 0.3300203125 0.5365620581629192
vt 0.3303421875 0.5195026831629193
vt 0.3468140625 0.5195026831629193
vt 0.3471359375 0.5365620581629192
vt 0.26336649702261183 0.9209321686545097
vt 0.26384149702261184 0.9038727936545097
vt 0.2793633720226118 0.9038727936545097
vt 0.2798383720226118 0.9209321686545097
vt 0.26384149702261184 0.9038727936545097
vt 0.26446180952261183 0.8868134186545096
vt 0.2787430595226118 0.8868134186545096
vt 0.2793633720226118 0.9038727936545097
vt 0.26446180952261183 0.8868134186545096
vt 0.2652149345226118 0.8697540436545097
vt 0.27798993452261184 0.8697540436545097
vt 0.2787430595226118 0.8868134186545096
vt 0.33162540847594424 0.7960099520070496
vt 0.3195505113693461 0.783927762583302
vt 0.3269449483657071 0.7757417514625333
vt 0.3401887111504835 0.7865299481935362
vt 0.3195505113693461 0.783927762583302
vt 0.3075436933569071 0.7717702062016436
vt 0.31363310648677156 0.7650289216894413
vt 0.3269449483657071 0.7757417514625333
vt 0.3075436933569071 0.7717702062016436
vt 0.2955944807318336 0.7595488777786762
vt 0.30026365922047055 0.7543798639576582
vt 0.31363310648677156 0.7650289216894413
vt 0.2955944807318336 0.7595488777786762
vt 0.28368925767529357 0.7472788507059818
vt 0.28685022238563596 0.7437795048756022
vt 0.30026365922047055 0.7543798639576582
vt 0.28368925767529357 0.7472788507059818
vt 0.2718123136270966 0.7349775173584628
vt 0.2734085065424584 0.7332104520683705
vt 0.28685022238563596 0.7437795048756022
vt 0.2734085065424584 0.7332104520683705
vt 0.2718123136270966 0.7349775173584628
vt 0.25995108013909024 0.7226587916360414
vt 0.11628694461554577 0.9033977118815728
vt 0.11765969695249855 0.9053434514797438
vt 0.10303396059187582 0.9142050370709802
vt 0.11628694461554577 0.9033977118815728
vt 0.12955343998111485 0.8926095376724624
vt 0.13227192197122212 0.8964627149082105
vt 0.11765969695249855 0.9053434514797438
vt 0.12981620215940448 0.8922103564236469
vt 0.14272855924824568 0.8810050480922854
vt 0.14693787635231365 0.8865549653131118
vt 0.1326658475205703 0.8959675682164808
vt 0.14272855924824568 0.8810050480922854
vt 0.15568057342958813 0.8698520270025737
vt 0.16117024809155567 0.877090075168093
vt 0.14693787635231365 0.8865549653131118
vt 0.15568057342958813 0.8698520270025737
vt 0.16868451951777758 0.8587674773007368
vt 0.17535068792395075 0.8675567136351994
vt 0.16117024809155567 0.877090075168093
vt 0.16868451951777758 0.8587674773007368
vt 0.18174983967769526 0.8477638483300244
vt 0.1894697536846176 0.8579424313711812
vt 0.17535068792395075 0.8675567136351994
vt 0.04361493452261182 0.4349334563454904
vt 0.04436805952261182 0.4178740813454903
vt 0.05859375 0.4191325852207515
vt 0.056340234888380504 0.43605922523872176
vt 0.348878125 0.6389183081629193
vt 0.3482578125 0.6218589331629192
vt 0.3637796875 0.6218589331629192
vt 0.363159375 0.6389183081629193
vt 0.3482578125 0.6218589331629192
vt 0.3477828125 0.6047995581629193
vt 0.3642546875 0.6047995581629193
vt 0.3637796875 0.6218589331629192
vt 0.3477828125 0.6047995581629193
vt 0.3474609375 0.5877401831629192
vt 0.3645765625 0.5877401831629192
vt 0.3642546875 0.6047995581629193
vt 0.3474609375 0.5877401831629192
vt 0.3472984375 0.5706808081629192
vt 0.3647390625 0.5706808081629192
vt 0.3645765625 0.5877401831629192
vt 0.3472984375 0.5706808081629192
vt 0.3472984375 0.5536214331629192
vt 0.3647390625 0.5536214331629192
vt 0.3647390625 0.5706808081629192
vt 0.3472984375 0.5536214331629192
vt 0.3471359375 0.5365620581629192
vt 0.3642484567688893 0.5362360161218893
vt 0.3647358977957223 0.5532892000734564
vt 0.3471359375 0.5365620581629192
vt 0.3471327835804662 0.5194996471680147
vt 0.36360166966159 0.5191858681652268
vt 0.3642484567688893 0.5362360161218893
vt 0.3471327835804662 0.5194996471680147
vt 0.347282726875498 0.5024343192368291
vt 0.3628017853397253 0.5021386371448453
vt 0.36360166966159 0.5191858681652268
vt 0.347282726875498 0.5024343192368291
vt 0.3475779563027195 0.48536622319264233
vt 0.3618566148856707 0.48509417423746504
vt 0.3628017853397253 0.5021386371448453
vt 0.2787430595226118 0.8868134186545096
vt 0.27798993452261184 0.8697540436545097
vt 0.29071523488838047 0.8686282747612782
vt 0.29296875 0.8855549147792485
vt 0.34111969625757255 0.7853425840206999
vt 0.32748353479129577 0.7750548465691569
vt 0.3336691698115639 0.7659210414497923
vt 0.348283117210223 0.7747649649476226
vt 0.32748353479129577 0.7750548465691569
vt 0.3139043232225144 0.764683016010991
vt 0.31899827251540946 0.757161211058585
vt 0.3336691698115639 0.7659210414497922
vt 0.3139043232225144 0.764683016010991
vt 0.3003733000285368 0.7542400297472209
vt 0.3042791868444512 0.7484725363729818
vt 0.31899827251540946 0.757161211058585
vt 0.3003733000285368 0.7542400297472209
vt 0.28687907522986394 0.7437427063991713
vt 0.2895233027781882 0.7398381987716582
vt 0.3042791868444512 0.7484725363729818
vt 0.28687907522986394 0.7437427063991713
vt 0.2734085065424584 0.7332104520683705
vt 0.2747437626006579 0.7312387921530856
vt 0.2895233027781882 0.7398381987716582
vt 0.2747437626006579 0.7312387921530856
vt 0.2734085065424584 0.7332104520683705
vt 0.25995108013909024 0.7226587916360414
vt 0.11765969695249855 0.9053434514797438
vt 0.11875464594461684 0.9074580290420855
vt 0.103058248990784 0.9142450008225601
vt 0.11765969695249855 0.9053434514797438
vt 0.13227192197122212 0.8964627149082105
vt 0.13444026584144064 0.9006502444903282
vt 0.11875464594461684 0.9074580290420855
vt 0.1326658475205703 0.8959675682164808
vt 0.14693787635231365 0.8865549653131118
vt 0.15038191852857563 0.892609592066988
vt 0.13499741308538832 0.9000664608910431
vt 0.14693787635231365 0.8865549653131118
vt 0.16124235241855744 0.8771994046537227
vt 0.16573397673726253 0.885095680998953
vt 0.15038191852857563 0.892609592066988
vt 0.16124235241855744 0.8771994046537227
vt 0.17558931891093277 0.8679185421709741
vt 0.18104354451981786 0.8775070717542774
vt 0.16573397673726253 0.885095680998953
vt 0.17558931891093277 0.8679185421709741
vt 0.18998650136146356 0.8587259593515278
vt 0.19630289634421771 0.8698301828462995
vt 0.18104354451981786 0.8775070717542774
vt 0.367071875 0.6559776831629192
vt 0.36631875 0.6389183081629193
vt 0.3806 0.6389183081629193
vt 0.379846875 0.6559776831629192
vt 0.36631875 0.6389183081629193
vt 0.3656984375 0.6218589331629192
vt 0.3812203125 0.6218589331629192
vt 0.3806 0.6389183081629193
vt 0.3656984375 0.6218589331629192
vt 0.36522343749999997 0.6047995581629193
vt 0.3816953125 0.6047995581629193
vt 0.3812203125 0.6218589331629192
vt 0.36522343749999997 0.6047995581629193
vt 0.3649015625 0.5877401831629192
vt 0.3820171875 0.5877401831629192
vt 0.3816953125 0.6047995581629193
vt 0.3649015625 0.5877401831629192
vt 0.3647390625 0.5706808081629192
vt 0.3821796875 0.5706808081629192
vt 0.3820171875 0.5877401831629192
vt 0.3647390625 0.5706808081629192
vt 0.3647390625 0.5536214331629192
vt 0.3821796875 0.5536214331629192
vt 0.3821796875 0.5706808081629192
vt 0.3647358977957223 0.5532892000734564
vt 0.3642484567688893 0.5362360161218893
vt 0.38135165997155274 0.5355840503643325
vt 0.3821638651271199 0.5526248544658382
vt 0.3642484567688893 0.5362360161218893
vt 0.36392027507441627 0.5191767612823114
vt 0.3803801954836255 0.5185493171508375
vt 0.38135165997155274 0.5355840503643324
vt 0.36392027507441627 0.5191767612823114
vt 0.3637451072482891 0.5021116736287623
vt 0.3792557171273524 0.5015204167513139
vt 0.3803801954836255 0.5185493171508375
vt 0.3637451072482891 0.5021116736287623
vt 0.3637151464604903 0.48504105075379145
vt 0.377986031732751 0.48449705157321177
vt 0.3792557171273524 0.5015204167513139
vt 0.3637151464604903 0.48504105075379145
vt 0.36381790178299145 0.46796536880547834
vt 0.37658363022784963 0.46747874546845214
vt 0.377986031732751 0.48449705157321177
vt 0.3490401405006722 0.773459789600677
vt 0.3341071171696751 0.7651659813317245
vt 0.33896401196463666 0.7552614849026689
vt 0.35466478240486576 0.7619896532261785
vt 0.3341071171696751 0.7651659813317245
vt 0.3192188102921726 0.7567809843562723
vt 0.323218525070913 0.748624505285659
vt 0.33896401196463666 0.7552614849026689
vt 0.3192188102921726 0.7567809843562723
vt 0.30436834041378097 0.7483188277060895
vt 0.30743520117807827 0.7420646853433799
vt 0.323218525070913 0.748624505285659
vt 0.30436834041378097 0.7483188277060895
vt 0.2895467642438013 0.739797749122476
vt 0.2916229835768317 0.7355637873345312
vt 0.30743520117807827 0.7420646853433799
vt 0.2895467642438013 0.739797749122476
vt 0.2747437626006579 0.7312387921530856
vt 0.2757921914487488 0.7291007677114595
vt 0.2916229835768317 0.7355637873345313
vt 0.2757921914487488 0.7291007677114595
vt 0.2747437626006579 0.7312387921530856
vt 0.25995108013909024 0.7226587916360414
vt 0.11875464594461685 0.9074580290420855
vt 0.11955138452267729 0.9097020342115828
vt 0.10307686796293143 0.9142879002588971
vt 0.11875464594461685 0.9074580290420856
vt 0.13444026584144064 0.9006502444903282
vt 0.13601805916728477 0.9050940814992144
vt 0.11955138452267729 0.9097020342115828
vt 0.13499741308538832 0.9000664608910431
vt 0.15038191852857563 0.892609592066988
vt 0.15300103409971616 0.8990640606946625
vt 0.1367705155514498 0.9044360405945697
vt 0.15038191852857563 0.892609592066988
vt 0.16579109935399444 0.8852135325032205
vt 0.169206877265751 0.8936312715344676
vt 0.15300103409971616 0.8990640606946625
vt 0.16579109935399444 0.8852135325032205
vt 0.1812325931799545 0.8778971041136394
vt 0.18538040743124473 0.8881188512000866
vt 0.169206877265751 0.8936312715344676
vt 0.1812325931799545 0.8778971041136394
vt 0.1967122750974632 0.8706747852935509
vt 0.2015157495051897 0.8825123212962128
vt 0.18538040743124473 0.8881188512000866
vt 0.3845125 0.6559776831629192
vt 0.383759375 0.6389183081629193
vt 0.398040625 0.6389183081629193
vt 0.3972875 0.6559776831629192
vt 0.383759375 0.6389183081629193
vt 0.3831390625 0.6218589331629192
vt 0.3986609375 0.6218589331629192
vt 0.398040625 0.6389183081629193
vt 0.3831390625 0.6218589331629192
vt 0.3826640625 0.6047995581629193
vt 0.3991359375 0.6047995581629193
vt 0.3986609375 0.6218589331629192
vt 0.3826640625 0.6047995581629193
vt 0.3823421875 0.5877401831629192
vt 0.3994578125 0.5877401831629192
vt 0.3991359375 0.6047995581629193
vt 0.3823421875 0.5877401831629192
vt 0.3821796875 0.5706808081629192
vt 0.39962031249999996 0.5706808081629192
vt 0.3994578125 0.5877401831629192
vt 0.3821796875 0.5706808081629192
vt 0.3821796875 0.5536214331629192
vt 0.39962031249999996 0.5536214331629192
vt 0.39962031249999996 0.5706808081629192
vt 0.3821638651271199 0.5526248544658382
vt 0.38135165997155274 0.5355840503643325
vt 0.39843934015378574 0.5346063974963131
vt 0.39957601467925474 0.5516286374389228
vt 0.38135165997155274 0.5355840503643324
vt 0.3806985696031489 0.5185341426849065
vt 0.3971435508411533 0.5175932611316236
vt 0.39843934015378574 0.5346063974963131
vt 0.3806985696031489 0.5185341426849065
vt 0.38019835422633347 0.5014754884306161
vt 0.3956948865369326 0.5005888713417987
vt 0.3971435508411533 0.5175932611316236
vt 0.38019835422633347 0.5014754884306161
vt 0.37984321409663757 0.4844085338552806
vt 0.3941011469855923 0.4835927818730188
vt 0.3956948865369326 0.5005888713417987
vt 0.37984321409663757 0.4844085338552806
vt 0.3796206696229112 0.46733399296501177
vt 0.3923748117782825 0.4666042787191722
vt 0.3941011469855923 0.4835927818730188
vt 0.35523316534562666 0.760591973798982
vt 0.33929282854193643 0.7544529100274313
vt 0.34272680887460316 0.7439697685308493
vt 0.3592099674985847 0.7484517238165381
vt 0.33929282854193643 0.7544529100274313
vt 0.32338410770448167 0.7482173300806287
vt 0.32621203428438605 0.7395843294204124
vt 0.34272680887460316 0.7439697685308493
vt 0.32338410770448167 0.7482173300806287
vt 0.3075021388384571 0.7419000826009208
vt 0.30967050772273874 0.7352805578428808
vt 0.32621203428438605 0.7395843294204124
vt 0.3075021388384571 0.7419000826009208
vt 0.29164059875061554 0.7355204708233578
vt 0.29310855238290856 0.7310391505632042
vt 0.30967050772273874 0.7352805578428808
vt 0.29164059875061554 0.7355204708233578
vt 0.2757921914487488 0.7291007677114595
vt 0.27653346425710346 0.726837834617863
vt 0.29310855238290856 0.7310391505632042
vt 0.27653346425710346 0.726837834617863
vt 0.2757921914487488 0.7291007677114595
vt 0.25995108013909024 0.7226587916360414
vt 0.11955138452267727 0.9097020342115828
vt 0.12003506350244166 0.9120336444292294
vt 0.10308947049794939 0.9143329358434162
vt 0.11955138452267727 0.9097020342115828
vt 0.13601805916728477 0.9050940814992144
vt 0.13697589588705433 0.9097114040955776
vt 0.12003506350244166 0.9120336444292294
vt 0.1367705155514498 0.9044360405945697
vt 0.15300103409971616 0.8990640606946625
vt 0.15474985932484414 0.9058065781749944
vt 0.13795444433777465 0.9090006251068267
vt 0.15300103409971616 0.8990640606946625
vt 0.16924802879411427 0.8937556038396575
vt 0.17152879816578187 0.9025490081982599
vt 0.15474985932484414 0.9058065781749944
vt 0.16924802879411427 0.8937556038396575
vt 0.1855165993941611 0.8885303319244053
vt 0.18828616110107083 0.8992082532817726
vt 0.17152879816578187 0.9025490081982599
vt 0.1855165993941611 0.8885303319244053
vt 0.20181066879179282 0.8834033694834066
vt 0.20501802523877494 0.8957691888910319
vt 0.18828616110107083 0.8992082532817726
vt 0.401953125 0.6559776831629192
vt 0.4012 0.6389183081629193
vt 0.41548125 0.6389183081629193
vt 0.414728125 0.6559776831629192
vt 0.4012 0.6389183081629193
vt 0.4005796875 0.6218589331629192
vt 0.41610156249999997 0.6218589331629192
vt 0.41548125 0.6389183081629193
vt 0.4005796875 0.6218589331629192
vt 0.4001046875 0.6047995581629193
vt 0.41657656249999997 0.6047995581629193
vt 0.41610156249999997 0.6218589331629192
vt 0.4001046875 0.6047995581629193
vt 0.39978281250000003 0.5877401831629192
vt 0.4168984375 0.5877401831629192
vt 0.41657656249999997 0.6047995581629193
vt 0.39978281250000003 0.5877401831629192
vt 0.39962031249999996 0.5706808081629192
vt 0.4170609375 0.5706808081629192
vt 0.4168984375 0.5877401831629192
vt 0.39962031249999996 0.5706808081629192
vt 0.39962031249999996 0.5536214331629192
vt 0.4170609375 0.5536214331629192
vt 0.4170609375 0.5706808081629192
vt 0.39957601467925474 0.5516286374389228
vt 0.39843934015378574 0.5346063974963131
vt 0.4155052959948708 0.5333034123195902
vt 0.4169660273776472 0.5503009105316212
vt 0.39843934015378574 0.5346063974963131
vt 0.3974615781256502 0.5175720245896698
vt 0.4138856521147609 0.516318047071593
vt 0.4155052959948708 0.5333034123195902
vt 0.3974615781256502 0.5175720245896698
vt 0.3966364967322076 0.5005259945215037
vt 0.41211332759995806 0.49934433898511843
vt 0.4138856521147609 0.516318047071593
vt 0.3966364967322076 0.5005259945215037
vt 0.3959563061451572 0.4834689020449541
vt 0.41019611227876296 0.4823816933070275
vt 0.41211332759995806 0.49934433898511843
vt 0.3959563061451572 0.4834689020449541
vt 0.39540854263921804 0.4664016987650428
vt 0.40814646987645664 0.46542915843229804
vt 0.41019611227876296 0.4823816933070275
vt 0.3595786892559718 0.7469886410389119
vt 0.34294011898218246 0.7431233570066028
vt 0.34488460064776616 0.7322648364989688
vt 0.36183054224433053 0.7344136745133574
vt 0.34294011898218246 0.7431233570066028
vt 0.3263194511599885 0.7391581007599882
vt 0.32792075659960657 0.7302159706988857
vt 0.34488460064776616 0.7322648364989688
vt 0.3263194511599885 0.7391581007599882
vt 0.3097139315660674 0.7351082526397306
vt 0.310941764323174 0.7282516967724455
vt 0.32792075659960657 0.7302159706988857
vt 0.3097139315660674 0.7351082526397306
vt 0.2931199797101003 0.730993807088691
vt 0.2939512043087875 0.7263520202767874
vt 0.310941764323174 0.7282516967724455
vt 0.2931199797101003 0.730993807088691
vt 0.27653346425710346 0.726837834617863
vt 0.27695320789143063 0.7244938707009176
vt 0.2939512043087875 0.7263520202767874
vt 0.27695320789143063 0.7244938707009176
vt 0.27653346425710346 0.726837834617863
vt 0.25995108013909024 0.7226587916360414
vt 0.12003506350244166 0.9120336444292294
vt 0.1201966683357502 0.9144094044003442
vt 0.103095821716582 0.9143792682271639
vt 0.12003506350244166 0.9120336444292294
vt 0.13697589588705433 0.9097114040955776
vt 0.13729592435616533 0.914416157109242
vt 0.1201966683357502 0.9144094044003441
vt 0.13795444433777465 0.9090006251068267
vt 0.15474985932484414 0.9058065781749944
vt 0.1555981041109028 0.9127203624082164
vt 0.13852869349980362 0.9136811546752125
vt 0.15474985932484414 0.9058065781749944
vt 0.17155326585094782 0.9026776678375532
vt 0.1726595231829678 0.9116944335468292
vt 0.1555981041109028 0.9127203624082164
vt 0.17155326585094782 0.9026776678375532
vt 0.18836713748769152 0.8996340554213383
vt 0.18971047714439276 0.9105832067642157
vt 0.1726595231829678 0.9116944335468292
vt 0.18836713748769152 0.8996340554213383
vt 0.20519337698246432 0.8966912496393001
vt 0.20674906324778858 0.9093711733474256
vt 0.18971047714439276 0.9105832067642157
vt 0.4210213439687724 0.65625
vt 0.4199433851143293 0.6392080670883735
vt 0.43422204369728057 0.6389360181331961
vt 0.4337940258696706 0.6560066441731367
vt 0.4199433851143293 0.6392080670883735
vt 0.41899821466027476 0.6221636041809933
vt 0.43451727312450206 0.6218679220890093
vt 0.43422204369728057 0.6389360181331961
vt 0.41899821466027476 0.6221636041809933
vt 0.41819833033841 0.6051163731606116
vt 0.4346672164195338 0.6048025941578239
vt 0.43451727312450206 0.6218679220890093
vt 0.41819833033841 0.6051163731606116
vt 0.41755154323111077 0.5880662252039491
vt 0.4346640625 0.5877401831629192
vt 0.4346672164195338 0.6048025941578239
vt 0.41755154323111077 0.5880662252039491
vt 0.4170641022042777 0.5710130412523821
vt 0.4345015625 0.5706808081629192
vt 0.4346640625 0.5877401831629192
vt 0.4170609375 0.5706808081629192
vt 0.4170609375 0.5536214331629192
vt 0.4345015625 0.5536214331629192
vt 0.4345015625 0.5706808081629192
vt 0.4172349078184567 0.5486421555916912
vt 0.41901916594188987 0.5316755677028555
vt 0.4360572040051292 0.5333034123195902
vt 0.4345964726223528 0.5503009105316212
vt 0.41901916594188987 0.5316755677028555
vt 0.4209620766016066 0.5147241377609713
vt 0.43735928285162207 0.5162907561606077
vt 0.4360572040051292 0.5333034123195902
vt 0.4209620766016066 0.5147241377609713
vt 0.4230574181295174 0.4977872713367464
vt 0.43850893082992093 0.49926353648396593
vt 0.43735928285162207 0.5162907561606077
vt 0.4230574181295174 0.4977872713367464
vt 0.4252974134405103 0.48086422539356544
vt 0.43951392502513764 0.48222249632628
vt 0.43850893082992093 0.49926353648396593
vt 0.4252974134405103 0.48086422539356544
vt 0.42766961919840624 0.46395381107284417
vt 0.44038670877345143 0.4651688245461346
vt 0.43951392502513764 0.48222249632628
vt 0.36199245337582375 0.7329135572732539
vt 0.34497826824449784 0.7313970000790742
vt 0.34539554812507545 0.7203736451422247
vt 0.3624756942120281 0.7201477003378882
vt 0.34497826824449784 0.7313970000790742
vt 0.3279679249251035 0.729778953073153
vt 0.3283115602261911 0.7207010797583027
vt 0.34539554812507545 0.7203736451422247
vt 0.3279679249251035 0.729778953073153
vt 0.31096083236965144 0.7280750300726813
vt 0.31122432156336466 0.7211143903689312
vt 0.3283115602261911 0.7207010797583027
vt 0.31096083236965144 0.7280750300726813
vt 0.29395622221575524 0.7263055290400073
vt 0.2941346004989823 0.7215932790117621
vt 0.31122432156336466 0.7211143903689312
vt 0.29395622221575524 0.7263055290400073
vt 0.27695320789143063 0.7244938707009176
vt 0.2770432836050284 0.7221143249610085
vt 0.2941346004989823 0.7215932790117621
vt 0.2770432836050284 0.7221143249610085
vt 0.27695320789143063 0.7244938707009176
vt 0.25995108013909024 0.7226587916360414
vt 0.1201966683357502 0.9144094044003441
vt 0.12003318711881204 0.916785035990934
vt 0.10309580324823919 0.9144260338921413
vt 0.1201966683357502 0.9144094044003441
vt 0.13729592435616533 0.914416157109242
vt 0.13697218005648076 0.919120655889032
vt 0.12003318711881204 0.916785035990934
vt 0.13852869349980362 0.9136811546752125
vt 0.1555981041109028 0.9127203624082164
vt 0.15553107664470495 0.9196856649112956
vt 0.13848331689751892 0.9183965613495716
vt 0.1555981041109028 0.9127203624082164
vt 0.17266688323847118 0.9118251921028914
vt 0.17257946787542172 0.9209091465113485
vt 0.15553107664470495 0.9196856649112956
vt 0.17266688323847118 0.9118251921028914
vt 0.18973483542332065 0.9110159553188021
vt 0.18962868604885746 0.9220466945901655
vt 0.17257946787542172 0.9209091465113485
vt 0.18973483542332065 0.9110159553188021
vt 0.2068018103122296 0.910308276332537
vt 0.20667888151823371 0.9230826848711585
vt 0.18962868604885746 0.9220466945901655
vt 0.436834375 0.6559776831629192
vt 0.43608125 0.6389183081629193
vt 0.4503625 0.6389183081629193
vt 0.449609375 0.6559776831629192
vt 0.43608125 0.6389183081629193
vt 0.43546093750000003 0.6218589331629192
vt 0.4509828125 0.6218589331629192
vt 0.4503625 0.6389183081629193
vt 0.43546093750000003 0.6218589331629192
vt 0.43498593750000003 0.6047995581629193
vt 0.4514578125 0.6047995581629193
vt 0.4509828125 0.6218589331629192
vt 0.43498593750000003 0.6047995581629193
vt 0.4346640625 0.5877401831629192
vt 0.45177968749999997 0.5877401831629192
vt 0.4514578125 0.6047995581629193
vt 0.4346640625 0.5877401831629192
vt 0.4345015625 0.5706808081629192
vt 0.45194218750000004 0.5706808081629192
vt 0.45177968749999997 0.5877401831629192
vt 0.4345015625 0.5706808081629192
vt 0.4345015625 0.5536214331629192
vt 0.45194218750000004 0.5536214331629192
vt 0.45194218750000004 0.5706808081629192
vt 0.4345964726223528 0.5503009105316212
vt 0.4360572040051292 0.5333034123195902
vt 0.45312315984621426 0.5346063974963131
vt 0.45198648532074526 0.5516286374389228
vt 0.4360572040051292 0.5333034123195902
vt 0.4376768478852391 0.516318047071593
vt 0.4541009218743498 0.5175720245896698
vt 0.45312315984621426 0.5346063974963131
vt 0.4376768478852391 0.516318047071593
vt 0.43944917240004194 0.49934433898511843
vt 0.4549260032677924 0.5005259945215037
vt 0.4541009218743498 0.5175720245896698
vt 0.43944917240004194 0.49934433898511843
vt 0.44136638772123704 0.4823816933070275
vt 0.4556061938548428 0.4834689020449541
vt 0.4549260032677924 0.5005259945215037
vt 0.44136638772123704 0.4823816933070275
vt 0.44341603012354336 0.46542915843229804
vt 0.456153957360782 0.4664016987650428
vt 0.4556061938548428 0.4834689020449541
vt 0.3624276552925601 0.7186396356142197
vt 0.3453677570146394 0.7195012110045652
vt 0.34424974413521087 0.7085267623275733
vt 0.3611329140316242 0.7059304157299298
vt 0.3453677570146394 0.7195012110045652
vt 0.3282975654170073 0.720261746853267
vt 0.32737686755850903 0.7112241484668603
vt 0.34424974413521087 0.7085267623275733
vt 0.3282975654170073 0.720261746853267
vt 0.3112186640873116 0.7209367877051934
vt 0.3105127007138707 0.7140070296029228
vt 0.32737686755850903 0.7112241484668603
vt 0.3112186640873116 0.7209367877051934
vt 0.2941331116894947 0.721546541468673
vt 0.2936551849373537 0.716855197827432
vt 0.3105127007138707 0.7140070296029228
vt 0.2941331116894947 0.721546541468673
vt 0.2770432836050284 0.7221143249610085
vt 0.27680194484748605 0.7197453363230856
vt 0.2936551849373537 0.716855197827432
vt 0.27680194484748605 0.7197453363230856
vt 0.2770432836050284 0.7221143249610085
vt 0.25995108013909024 0.7226587916360414
vt 0.12003318711881204 0.916785035990934
vt 0.11954766672644493 0.9191162634596929
vt 0.10308941543712398 0.9144723612450876
vt 0.12003318711881204 0.916785035990934
vt 0.13697218005648076 0.919120655889032
vt 0.13601069675978522 0.9237372205220465
vt 0.11954766672644493 0.9191162634596929
vt 0.13848331689751892 0.9183965613495716
vt 0.15553107664470495 0.9196856649112956
vt 0.15454993785883508 0.9265818448917983
vt 0.13781910046509288 0.9230651730994948
vt 0.15553107664470495 0.9196856649112956
vt 0.17256959282324885 0.921039739213078
vt 0.17129001882121936 0.9300335459440432
vt 0.15454993785883508 0.9265818448917983
vt 0.17256959282324885 0.921039739213078
vt 0.18959600432857093 0.9224788942458896
vt 0.18804220445682546 0.9334001662652591
vt 0.17129001882121936 0.9300335459440432
vt 0.18959600432857093 0.9224788942458896
vt 0.20660811031099452 0.9240185992335538
vt 0.20480869561533005 0.9366662366316225
vt 0.18804220445682546 0.9334001662652591
vt 0.454275 0.6559776831629192
vt 0.453521875 0.6389183081629193
vt 0.467803125 0.6389183081629193
vt 0.46704999999999997 0.6559776831629192
vt 0.453521875 0.6389183081629193
vt 0.4529015625 0.6218589331629192
vt 0.46842343750000004 0.6218589331629192
vt 0.467803125 0.6389183081629193
vt 0.4529015625 0.6218589331629192
vt 0.4524265625 0.6047995581629193
vt 0.4688984375 0.6047995581629193
vt 0.46842343750000004 0.6218589331629192
vt 0.4524265625 0.6047995581629193
vt 0.4521046875 0.5877401831629192
vt 0.4692203125 0.5877401831629192
vt 0.4688984375 0.6047995581629193
vt 0.4521046875 0.5877401831629192
vt 0.45194218750000004 0.5706808081629192
vt 0.4693828125 0.5706808081629192
vt 0.4692203125 0.5877401831629192
vt 0.45194218750000004 0.5706808081629192
vt 0.45194218750000004 0.5536214331629192
vt 0.4693828125 0.5536214331629192
vt 0.4693828125 0.5706808081629192
vt 0.45198648532074526 0.5516286374389228
vt 0.45312315984621426 0.5346063974963131
vt 0.47021084002844726 0.5355840503643325
vt 0.4693986348728801 0.5526248544658382
vt 0.45312315984621426 0.5346063974963131
vt 0.4544189491588467 0.5175932611316236
vt 0.47086393039685104 0.5185341426849065
vt 0.47021084002844726 0.5355840503643325
vt 0.4544189491588467 0.5175932611316236
vt 0.4558676134630674 0.5005888713417987
vt 0.47136414577366653 0.5014754884306161
vt 0.4708639303968511 0.5185341426849065
vt 0.4558676134630674 0.5005888713417987
vt 0.4574613530144077 0.4835927818730188
vt 0.4717192859033624 0.4844085338552806
vt 0.47136414577366653 0.5014754884306161
vt 0.4574613530144077 0.4835927818730188
vt 0.4591876882217175 0.4666042787191723
vt 0.47194183037708876 0.46733399296501177
vt 0.4717192859033624 0.4844085338552806
vt 0.3608758565264166 0.7044436446017551
vt 0.344101033181785 0.707666646798877
vt 0.34146940559269073 0.696953896788034
vt 0.3578282379473182 0.6920374910481215
vt 0.344101033181785 0.707666646798877
vt 0.3273019809712482 0.7107910188613383
vt 0.3251348021039685 0.7019689326626072
vt 0.34146940559269073 0.696953896788034
vt 0.3273019809712482 0.7107910188613383
vt 0.31048242741263765 0.7138319346560097
vt 0.30882069996332007 0.7070674248049702
vt 0.3251348021039685 0.7019689326626072
vt 0.31048242741263765 0.7138319346560097
vt 0.2936472182791344 0.7168091202098232
vt 0.2925222533975641 0.7122296471881909
vt 0.30882069996332007 0.7070674248049702
vt 0.2936472182791344 0.7168091202098232
vt 0.27680194484748605 0.7197453363230856
vt 0.2762338711299535 0.7174328390119631
vt 0.2925222533975641 0.7122296471881909
vt 0.2762338711299535 0.7174328390119631
vt 0.27680194484748605 0.7197453363230856
vt 0.25995108013909024 0.7226587916360414
vt 0.11954766672644493 0.9191162634596929
vt 0.11874915602606433 0.9213596386454069
vt 0.10307677733581741 0.9145173868617655
vt 0.11954766672644493 0.9191162634596929
vt 0.13601069675978522 0.9237372205220465
vt 0.13442939407359844 0.9281798099646221
vt 0.11874915602606433 0.9213596386454069
vt 0.13781910046509288 0.9230651730994948
vt 0.15454993785883508 0.9265818448917983
vt 0.15267168132400488 0.9332894587767795
vt 0.13654754859831014 0.9276061283944417
vt 0.15454993785883508 0.9265818448917983
vt 0.17126307969975918 0.9301617108929778
vt 0.16881350960251768 0.9389095949502414
vt 0.15267168132400488 0.9332894587767795
vt 0.17126307969975918 0.9301617108929778
vt 0.1879530487929454 0.9338243312153045
vt 0.1849785106287684 0.9444469768025561
vt 0.16881350960251768 0.9389095949502414
vt 0.1879530487929454 0.9338243312153045
vt 0.20461563191153226 0.937584752098987
vt 0.20117089762961848 0.9498865580935151
vt 0.1849785106287684 0.9444469768025561
vt 0.47171562499999997 0.6559776831629192
vt 0.4709625 0.6389183081629193
vt 0.48524375 0.6389183081629193
vt 0.484490625 0.6559776831629192
vt 0.4709625 0.6389183081629193
vt 0.4703421875 0.6218589331629192
vt 0.4858640625 0.6218589331629192
vt 0.48524375 0.6389183081629193
vt 0.4703421875 0.6218589331629192
vt 0.4698671875 0.6047995581629193
vt 0.48633906250000003 0.6047995581629193
vt 0.4858640625 0.6218589331629192
vt 0.4698671875 0.6047995581629193
vt 0.4695453125 0.5877401831629192
vt 0.4866609375 0.5877401831629192
vt 0.48633906250000003 0.6047995581629193
vt 0.4695453125 0.5877401831629192
vt 0.4693828125 0.5706808081629192
vt 0.4868234375 0.5706808081629192
vt 0.4866609375 0.5877401831629192
vt 0.4693828125 0.5706808081629192
vt 0.4693828125 0.5536214331629192
vt 0.4868234375 0.5536214331629192
vt 0.4868234375 0.5706808081629192
vt 0.4693986348728801 0.5526248544658382
vt 0.47021084002844726 0.5355840503643325
vt 0.4873140432311107 0.5362360161218893
vt 0.48682660220427776 0.5532892000734564
vt 0.47021084002844726 0.5355840503643324
vt 0.4711823045163745 0.5185493171508375
vt 0.48764222492558373 0.5191767612823114
vt 0.4873140432311107 0.5362360161218893
vt 0.4711823045163745 0.5185493171508375
vt 0.4723067828726476 0.5015204167513139
vt 0.4878173927517109 0.5021116736287623
vt 0.48764222492558373 0.5191767612823114
vt 0.4723067828726476 0.5015204167513139
vt 0.473576468267249 0.4844970515732119
vt 0.4878473535395097 0.48504105075379145
vt 0.4878173927517109 0.5021116736287623
vt 0.473576468267249 0.4844970515732119
vt 0.4749788697721503 0.46747874546845214
vt 0.48774459821700855 0.46796536880547834
vt 0.4878473535395097 0.48504105075379145
vt 0.3573671461509538 0.690600841715862
vt 0.34120265827248 0.6961227773396194
vt 0.3371084427162588 0.6858794441154341
vt 0.3526257429798966 0.6787383073757857
vt 0.34120265827248 0.6961227773396194
vt 0.32500047577486235 0.7015504046546556
vt 0.3216288370717647 0.6931148891638039
vt 0.3371084427162587 0.6858794441154341
vt 0.32500047577486235 0.7015504046546556
vt 0.30876639783027715 0.7068982326315429
vt 0.30618112687423826 0.7004301335503224
vt 0.3216288370717647 0.6931148891638039
vt 0.30876639783027715 0.7068982326315429
vt 0.2925079633625528 0.712185122932026
vt 0.29075777319985097 0.7078063156132453
vt 0.30618112687423826 0.7004301335503224
vt 0.2925079633625528 0.712185122932026
vt 0.2762338711299535 0.7174328390119631
vt 0.2753500772903386 0.715221671896714
vt 0.29075777319985097 0.7078063156132453
vt 0.2753500772903386 0.715221671896714
vt 0.2762338711299535 0.7174328390119631
vt 0.25995108013909024 0.7226587916360414
vt 0.11874915602606433 0.9213596386454069
vt 0.1176525372297692 0.9234733507303684
vt 0.1030581244864407 0.9145602715789966
vt 0.11874915602606433 0.9213596386454069
vt 0.13442939407359844 0.9281798099646221
vt 0.13225774346518726 0.9323656256289355
vt 0.1176525372297692 0.9234733507303684
vt 0.13654754859831014 0.9276061283944417
vt 0.15267168132400488 0.9332894587767795
vt 0.14992883891613157 0.9396923290055282
vt 0.1346906848955372 0.9319407767458018
vt 0.15267168132400488 0.9332894587767795
vt 0.1687699730041342 0.9390331122972079
vt 0.1651928339822913 0.9473835581271641
vt 0.14992883891613157 0.9396923290055282
vt 0.1687699730041342 0.9390331122972079
vt 0.18483442521983262 0.9448557604032309
vt 0.18049066851288198 0.9549957926632053
vt 0.1651928339822913 0.9473835581271641
vt 0.03451477523435967 0.796875
vt 0.022673314183964552 0.7845639382424494
vt 0.032320521037156935 0.776189451695101
vt 0.042845166670702386 0.7896436062837232
vt 0.022673314183964552 0.7845639382424494
vt 0.01092152873543377 0.7721750314533921
vt 0.021706199801747164 0.7628131421379856
vt 0.032320521037156935 0.776189451695101
vt 0.488403125 0.6389183081629193
vt 0.4877828125 0.6218589331629192
vt 0.5033046875 0.6218589331629192
vt 0.5026843750000001 0.6389183081629193
vt 0.4877828125 0.6218589331629192
vt 0.4873078125 0.6047995581629193
vt 0.5037796875 0.6047995581629193
vt 0.5033046875 0.6218589331629192
vt 0.4873078125 0.6047995581629193
vt 0.4869859375 0.5877401831629192
vt 0.5041015625 0.5877401831629192
vt 0.5037796875 0.6047995581629193
vt 0.4869859375 0.5877401831629192
vt 0.4868234375 0.5706808081629192
vt 0.5042640625 0.5706808081629192
vt 0.5041015625 0.5877401831629192
vt 0.4868234375 0.5706808081629192
vt 0.4868234375 0.5536214331629192
vt 0.5042640625 0.5536214331629192
vt 0.5042640625 0.5706808081629192
vt 0.48682660220427776 0.5532892000734564
vt 0.4873140432311107 0.5362360161218893
vt 0.5044265625 0.5365620581629192
vt 0.5042640625 0.5536214331629192
vt 0.4873140432311107 0.5362360161218893
vt 0.48796083033841 0.5191858681652268
vt 0.5044297164195338 0.5194996471680147
vt 0.5044265625 0.5365620581629192
vt 0.48796083033841 0.5191858681652268
vt 0.4887607146602747 0.5021386371448453
vt 0.504279773124502 0.5024343192368291
vt 0.5044297164195338 0.5194996471680147
vt 0.4887607146602747 0.5021386371448453
vt 0.4897058851143292 0.48509417423746504
vt 0.5039845436972805 0.48536622319264233
vt 0.504279773124502 0.5024343192368291
vt 0.4015465287354338 0.7239187185466079
vt 0.41329831418396457 0.7115298117575506
vt 0.42294552103715694 0.719904298304899
vt 0.41233119980174715 0.7332806078620144
vt 0.41329831418396457 0.7115298117575506
vt 0.4251397752343597 0.69921875
vt 0.4334701666707024 0.7064501437162768
vt 0.42294552103715694 0.719904298304899
vt 0.3367288312074571 0.6850934359903119
vt 0.3214376755619752 0.6927190779293673
vt 0.31692695243588376 0.6848336961364312
vt 0.3312514137203215 0.6755181357739155
vt 0.3214376755619752 0.6927190779293673
vt 0.3061038488170894 0.7002701247534224
vt 0.3026451622508499 0.6942238516139472
vt 0.31692695243588376 0.6848336961364312
vt 0.3061038488170894 0.7002701247534224
vt 0.29073743686902226 0.7077642080351138
vt 0.28839595726899747 0.703670970633827
vt 0.3026451622508499 0.6942238516139472
vt 0.29073743686902226 0.7077642080351138
vt 0.2753500772903386 0.715221671896714
vt 0.27416769991776146 0.7131547090737979
vt 0.28839595726899747 0.703670970633827
vt 0.27416769991776146 0.7131547090737979
vt 0.2753500772903386 0.715221671896714
vt 0.25995108013909024 0.7226587916360415
vt 0.1176525372297692 0.9234733507303684
vt 0.11627824852769329 0.925418005487863
vt 0.10303380453074808 0.9146002161345325
vt 0.1176525372297692 0.9234733507303684
vt 0.13225774346518726 0.9323656256289355
vt 0.12953621898824164 0.9362166545384624
vt 0.11627824852769329 0.925418005487863
vt 0.1346906848955372 0.9319407767458018
vt 0.14992883891613157 0.9396923290055282
vt 0.14636891735605873 0.9456795562541596
vt 0.13228067070345562 0.9359940409531525
vt 0.14992883891613157 0.9396923290055282
vt 0.16513345397182616 0.9475002885206253
vt 0.1604907029735616 0.9553086642997959
vt 0.14636891735605873 0.9456795562541596
vt 0.16513345397182616 0.9475002885206253
vt 0.18029414895443774 0.9553821146796602
vt 0.1746564086641475 0.9648639057014945
vt 0.1604907029735616 0.955308664299796
vt 0.042845166670702386 0.7896436062837232
vt 0.032320521037156935 0.776189451695101
vt 0.042771241907985896 0.768842135295216
vt 0.05186939481992602 0.7832991770049575
vt 0.032320521037156935 0.776189451695101
vt 0.021893020069240515 0.762667000134073
vt 0.03357594433041672 0.7544533905578805
vt 0.042771241907985896 0.768842135295216
vt 0.021893020069240515 0.762667000134073
vt 0.011574167740514466 0.7490681638012749
vt 0.02427199811365717 0.7401410305923148
vt 0.03357594433041672 0.7544533905578805
vt 0.011574167740514466 0.7490681638012749
vt 0.001374189805255513 0.735385753541717
vt 0.014849177503430525 0.7259122445535091
vt 0.024271998113657184 0.7401410305923148
vt 0.5047484375 0.6047995581629193
vt 0.5044265625 0.5877401831629192
vt 0.5215421874999999 0.5877401831629192
vt 0.5212203125 0.6047995581629193
vt 0.5044265625 0.5877401831629192
vt 0.5042640625 0.5706808081629192
vt 0.5217046875 0.5706808081629192
vt 0.5215421874999999 0.5877401831629192
vt 0.5042640625 0.5706808081629192
vt 0.5042640625 0.5536214331629192
vt 0.5217046875 0.5536214331629192
vt 0.5217046875 0.5706808081629192
vt 0.5042640625 0.5536214331629192
vt 0.5044265625 0.5365620581629192
vt 0.5215421874999999 0.5365620581629192
vt 0.5217046875 0.5536214331629192
vt 0.5044265625 0.5365620581629192
vt 0.5047484375 0.5195026831629193
vt 0.5212203125 0.5195026831629193
vt 0.5215421874999999 0.5365620581629192
vt 0.3919991898052555 0.760707996458283
vt 0.40219916774051445 0.7470255861987251
vt 0.41489699811365716 0.7559527194076852
vt 0.4054741775034305 0.7701815054464909
vt 0.40219916774051445 0.7470255861987251
vt 0.4125180200692405 0.733426749865927
vt 0.4242009443304167 0.7416403594421195
vt 0.41489699811365716 0.7559527194076852
vt 0.4125180200692405 0.733426749865927
vt 0.42294552103715694 0.719904298304899
vt 0.43339624190798587 0.727251614704784
vt 0.4242009443304167 0.7416403594421195
vt 0.42294552103715694 0.719904298304899
vt 0.4334701666707024 0.7064501437162768
vt 0.44249439481992603 0.7127945729950426
vt 0.43339624190798587 0.727251614704784
vt 0.3307662986155921 0.6747924795153907
vt 0.31668266232957354 0.684468276377674
vt 0.3111203168167478 0.6772859242882419
vt 0.3240118852477644 0.6660708754989835
vt 0.31668266232957354 0.684468276377674
vt 0.3025464066759586 0.6940761287327475
vt 0.2982813677533275 0.6885689175847102
vt 0.3111203168167478 0.6772859242882419
vt 0.3025464066759586 0.6940761287327475
vt 0.2883699689598155 0.703632096191406
vt 0.28548260075243537 0.6999037957775934
vt 0.2982813677533275 0.6885689175847102
vt 0.2883699689598155 0.703632096191406
vt 0.27416769991776146 0.7131547090737979
vt 0.2727096650774542 0.7112720285467433
vt 0.28548260075243537 0.6999037957775934
vt 0.2727096650774542 0.7112720285467433
vt 0.27416769991776146 0.7131547090737979
vt 0.25995108013909024 0.7226587916360415
vt 0.11627824852769329 0.925418005487863
vt 0.11465190317203192 0.9271573594905372
vt 0.10300427073096717 0.9146364760632744
vt 0.11627824852769329 0.925418005487863
vt 0.12953621898824164 0.9362166545384624
vt 0.12631554294927444 0.9396611232917895
vt 0.11465190317203192 0.9271573594905372
vt 0.13228067070345562 0.9359940409531525
vt 0.14636891735605873 0.9456795562541596
vt 0.14205357538119495 0.9511474402398166
vt 0.12935924807444288 0.9396957174602661
vt 0.14636891735605873 0.9456795562541596
vt 0.1604165080277412 0.9554165859399575
vt 0.15478855866886776 0.9625476486345761
vt 0.14205357538119495 0.9511474402398166
vt 0.1604165080277412 0.9554165859399575
vt 0.17441085872440854 0.965221074939172
vt 0.16757678193155567 0.9738803977159189
vt 0.15478855866886776 0.9625476486345761
vt 0.05186939481992602 0.7832991770049575
vt 0.042771241907985896 0.768842135295216
vt 0.053916569861455634 0.7625985554078752
vt 0.06149341822397401 0.7779078274447049
vt 0.042771241907985896 0.768842135295216
vt 0.03377669038113183 0.7543270563947408
vt 0.046236120113851184 0.7473473205617792
vt 0.053916569861455634 0.7625985554078752
vt 0.03377669038113183 0.7543270563947408
vt 0.02489800882443982 0.7397470674783138
vt 0.03843980039608469 0.7321609957316353
vt 0.046236120113851184 0.7473473205617792
vt 0.02489800882443982 0.7397470674783138
vt 0.016146102646866292 0.7250960593679625
vt 0.030516705299199698 0.7170456900954153
vt 0.038439800396084675 0.7321609957316353
vt 0.20402187500000002 0.49569687500000004
vt 0.2037 0.47863750000000005
vt 0.22081562500000002 0.47863750000000005
vt 0.22049375 0.49569687500000004
vt 0.2037 0.47863750000000005
vt 0.2035375 0.46157812499999995
vt 0.220978125 0.46157812499999995
vt 0.22081562500000002 0.47863750000000005
vt 0.2035375 0.46157812499999995
vt 0.2035375 0.4445187500000001
vt 0.220978125 0.4445187500000001
vt 0.220978125 0.46157812499999995
vt 0.2035375 0.4445187500000001
vt 0.2037 0.427459375
vt 0.22081562500000002 0.427459375
vt 0.220978125 0.4445187500000001
vt 0.2037 0.427459375
vt 0.20402187500000002 0.4104
vt 0.22049375 0.4104
vt 0.22081562500000002 0.427459375
vt 0.40677110264686633 0.7709976906320375
vt 0.4155230088244398 0.7563466825216862
vt 0.4290648003960847 0.7639327542683647
vt 0.42114170529919975 0.7790480599045847
vt 0.4155230088244398 0.7563466825216862
vt 0.42440169038113185 0.7417666936052592
vt 0.4368611201138512 0.7487464294382208
vt 0.4290648003960847 0.7639327542683647
vt 0.42440169038113185 0.7417666936052592
vt 0.43339624190798587 0.727251614704784
vt 0.44454156986145565 0.7334951945921248
vt 0.4368611201138512 0.7487464294382208
vt 0.43339624190798587 0.727251614704784
vt 0.44249439481992603 0.7127945729950426
vt 0.45211841822397403 0.7181859225552951
vt 0.44454156986145565 0.7334951945921248
vt 0.3234306728337921 0.6654196414395107
vt 0.3108276348511403 0.6769579814225788
vt 0.3043215197395549 0.6706179234342458
vt 0.31553023033503175 0.6577208438134992
vt 0.3108276348511403 0.6769579814225788
vt 0.2981630495119117 0.6884363449368889
vt 0.2931743565006548 0.6835749795237502
vt 0.3043215197395549 0.6706179234342458
vt 0.2981630495119117 0.6884363449368889
vt 0.2854514643731154 0.6998689082386931
vt 0.2820741930613224 0.6965778358257606
vt 0.2931743565006548 0.6835749795237502
vt 0.2854514643731154 0.6998689082386931
vt 0.2727096650774542 0.7112720285467433
vt 0.27100424377885496 0.7096101351215249
vt 0.2820741930613224 0.6965778358257606
vt 0.27100424377885496 0.7096101351215249
vt 0.2727096650774542 0.7112720285467433
vt 0.25995108013909024 0.7226587916360415
vt 0.11465190317203192 0.9271573594905372
vt 0.11280381211105113 0.9286589955958646
vt 0.10297007352214196 0.9146683755722114
vt 0.11465190317203192 0.9271573594905372
vt 0.12631554294927444 0.9396611232917895
vt 0.12265574057260775 0.9426348357365915
vt 0.11280381211105113 0.9286589955958646
vt 0.12935924807444288 0.9396957174602661
vt 0.14205357538119495 0.9511474402398166
vt 0.13705755580066287 0.9560012758356691
vt 0.12597701678371925 0.9429816922983736
vt 0.14205357538119495 0.9511474402398166
vt 0.15470083386282768 0.9626448922914678
vt 0.14818516364272594 0.9689751301008636
vt 0.13705755580066287 0.9560012758356691
vt 0.15470083386282768 0.9626448922914678
vt 0.1672864545972802 0.9742022279137273
vt 0.15937440923196916 0.9818891007954499
vt 0.14818516364272594 0.9689751301008636
vt 0.06149341822397401 0.7779078274447049
vt 0.053916569861455634 0.7625985554078752
vt 0.06564035946396993 0.7575237763628352
vt 0.0716169449600003 0.7735257408427011
vt 0.053916569861455634 0.7625985554078752
vt 0.04644869997371601 0.747242110767398
vt 0.0595547954931608 0.7415689844866169
vt 0.06564035946396993 0.7575237763628352
vt 0.2225578125 0.529815625
vt 0.2219375 0.51275625
vt 0.237459375 0.51275625
vt 0.23683906249999997 0.529815625
vt 0.2219375 0.51275625
vt 0.2214625 0.49569687500000004
vt 0.23793437499999998 0.49569687500000004
vt 0.237459375 0.51275625
vt 0.2214625 0.49569687500000004
vt 0.22114062499999998 0.47863750000000005
vt 0.23825625 0.47863750000000005
vt 0.23793437499999998 0.49569687500000004
vt 0.22114062499999998 0.47863750000000005
vt 0.220978125 0.46157812499999995
vt 0.23841874999999998 0.46157812499999995
vt 0.23825625 0.47863750000000005
vt 0.220978125 0.46157812499999995
vt 0.220978125 0.4445187500000001
vt 0.23841874999999998 0.4445187500000001
vt 0.23841874999999998 0.46157812499999995
vt 0.220978125 0.4445187500000001
vt 0.22081562500000002 0.427459375
vt 0.23792814426888925 0.42713333295897016
vt 0.23841558529572227 0.44418651691053723
vt 0.22081562500000002 0.427459375
vt 0.2208124710804662 0.4103969640050954
vt 0.23728135716159005 0.41008318500230767
vt 0.23792814426888925 0.42713333295897016
vt 0.2208124710804662 0.4103969640050954
vt 0.22096241437549796 0.39333163607390986
vt 0.23648147283972526 0.39303595398192603
vt 0.23728135716159005 0.41008318500230767
vt 0.22096241437549796 0.39333163607390986
vt 0.22125764380271948 0.3762635400297232
vt 0.2355363023856707 0.37599149107454577
vt 0.23648147283972526 0.39303595398192603
vt 0.437073699973716 0.748851639232602
vt 0.44454156986145565 0.7334951945921248
vt 0.45626535946396996 0.7385699736371648
vt 0.4501797954931608 0.7545247655133831
vt 0.44454156986145565 0.7334951945921248
vt 0.45211841822397403 0.7181859225552951
vt 0.46224194496000026 0.722568009157299
vt 0.45626535946396996 0.7385699736371648
vt 0.31486419020646994 0.6571566592536977
vt 0.3039861209605291 0.6703338162094885
vt 0.2966623885454795 0.6649589848025163
vt 0.30597090660649573 0.6506299461932875
vt 0.3039861209605291 0.6703338162094885
vt 0.2930387697601976 0.6834601276669334
vt 0.2874231524388541 0.6793388689100909
vt 0.2966623885454795 0.6649589848025163
vt 0.2930387697601976 0.6834601276669334
vt 0.2820385123401494 0.6965476116529141
vt 0.27823682255194515 0.6937575804891297
vt 0.2874231524388541 0.6793388689100909
vt 0.2820385123401494 0.6965476116529141
vt 0.27100424377885496 0.7096101351215249
vt 0.26908450380628257 0.7082012525855385
vt 0.27823682255194515 0.6937575804891297
vt 0.26908450380628257 0.7082012525855385
vt 0.27100424377885496 0.7096101351215249
vt 0.25995108013909024 0.7226587916360415
vt 0.11280381211105114 0.9286589955958646
vt 0.1107684190699692 0.9298949271193785
vt 0.10293185025342087 0.9146953201354874
vt 0.11280381211105114 0.9286589955958646
vt 0.12265574057260775 0.9426348357365915
vt 0.11862502128259116 0.9450823694229201
vt 0.1107684190699692 0.9298949271193785
vt 0.12597701678371925 0.9429816922983736
vt 0.13705755580066287 0.9560012758356691
vt 0.13146739093103338 0.9601569933875468
vt 0.12219255792850572 0.9457950515562397
vt 0.13705755580066287 0.9560012758356691
vt 0.14808542839218602 0.9690600114898732
vt 0.14079489035898146 0.9744797831019453
vt 0.13146739093103338 0.9601569933875468
vt 0.14808542839218602 0.9690600114898732
vt 0.15904433304565863 0.9821700177733625
vt 0.15019135772498016 0.9887513021870585
vt 0.14079489035898146 0.9744797831019453
vt 0.0716169449600003 0.7735257408427011
vt 0.06564035946396993 0.7575237763628352
vt 0.07782043713459337 0.7536706824193166
vt 0.08213447778223631 0.7701985829120208
vt 0.2407515625 0.546875
vt 0.2399984375 0.529815625
vt 0.25427968749999996 0.529815625
vt 0.2535265625 0.546875
vt 0.2399984375 0.529815625
vt 0.239378125 0.51275625
vt 0.2549 0.51275625
vt 0.25427968749999996 0.529815625
vt 0.239378125 0.51275625
vt 0.238903125 0.49569687500000004
vt 0.255375 0.49569687500000004
vt 0.2549 0.51275625
vt 0.238903125 0.49569687500000004
vt 0.23858125 0.47863750000000005
vt 0.255696875 0.47863750000000005
vt 0.255375 0.49569687500000004
vt 0.23858125 0.47863750000000005
vt 0.23841874999999998 0.46157812499999995
vt 0.255859375 0.46157812499999995
vt 0.255696875 0.47863750000000005
vt 0.23841874999999998 0.46157812499999995
vt 0.23841874999999998 0.4445187500000001
vt 0.255859375 0.4445187500000001
vt 0.255859375 0.46157812499999995
vt 0.23841558529572227 0.44418651691053723
vt 0.23792814426888925 0.42713333295897016
vt 0.2550313474715527 0.4264813672014133
vt 0.2558435526271199 0.44352217130291893
vt 0.23792814426888925 0.42713333295897016
vt 0.23759996257441623 0.4100740781193921
vt 0.25405988298362553 0.40944663398791836
vt 0.2550313474715527 0.4264813672014133
vt 0.23759996257441623 0.4100740781193921
vt 0.23742479474828915 0.39300899046584303
vt 0.2529354046273524 0.3924177335883946
vt 0.25405988298362553 0.40944663398791836
vt 0.23742479474828915 0.39300899046584303
vt 0.2373948339604903 0.3759383675908723
vt 0.25166571923275105 0.3753943684102925
vt 0.2529354046273524 0.3924177335883946
vt 0.2373948339604903 0.3759383675908723
vt 0.23749758928299144 0.3588626856425592
vt 0.2502633177278496 0.358376062305533
vt 0.25166571923275105 0.3753943684102925
vt 0.45626535946396996 0.7385699736371648
vt 0.46224194496000026 0.722568009157299
vt 0.47275947778223626 0.7258951670879792
vt 0.46844543713459336 0.7424230675806834
vt 0.30523295315073806 0.65016375056106
vt 0.2962907762695445 0.6647242220020017
vt 0.2882914322853961 0.6604188341026487
vt 0.29551926747339247 0.6449356737517322
vt 0.2962907762695445 0.6647242220020017
vt 0.2872729261996463 0.6792439647992445
vt 0.28113927028610425 0.6759427230972639
vt 0.2882914322853961 0.6604188341026487
vt 0.2872729261996463 0.6792439647992445
vt 0.278197289331101 0.6937326057231176
vt 0.2740448950854595 0.6914977139652492
vt 0.28113927028610425 0.6759427230972639
vt 0.278197289331101 0.6937326057231176
vt 0.26908450380628257 0.7082012525855385
vt 0.2669876685410879 0.7070726988946864
vt 0.2740448950854595 0.6914977139652492
vt 0.2669876685410879 0.7070726988946864
vt 0.26908450380628257 0.7082012525855385
vt 0.25995108013909024 0.7226587916360415
vt 0.1107684190699692 0.9298949271193785
vt 0.10858365860736839 0.9308421194354137
vt 0.10289031330948702 0.914716807574853
vt 0.1107684190699692 0.9298949271193785
vt 0.11862502128259116 0.9450823694229201
vt 0.11429850745311002 0.9469581085369585
vt 0.10858365860736839 0.9308421194354137
vt 0.12219255792850572 0.9457950515562397
vt 0.13146739093103338 0.9601569933875468
vt 0.12537990383482345 0.9635426148215088
vt 0.11807141928867587 0.9480870671434307
vt 0.13146739093103338 0.9601569933875468
vt 0.14068487210358321 0.9745508320560514
vt 0.13274574021094876 0.9789662656623895
vt 0.12537990383482345 0.9635426148215088
vt 0.14068487210358321 0.9745508320560514
vt 0.14982724968925748 0.9889864403923146
vt 0.14018668017394975 0.9943481468355115
vt 0.13274574021094876 0.9789662656623895
vt 0.08213447778223631 0.7701985829120208
vt 0.07782043713459337 0.7536706824193166
vt 0.09032987431562034 0.7510794266592766
vt 0.09293641350851449 0.7679610259568005
vt 0.2581921875 0.546875
vt 0.2574390625 0.529815625
vt 0.2717203125 0.529815625
vt 0.2709671875 0.546875
vt 0.2574390625 0.529815625
vt 0.25681875 0.51275625
vt 0.272340625 0.51275625
vt 0.2717203125 0.529815625
vt 0.25681875 0.51275625
vt 0.25634375 0.49569687500000004
vt 0.272815625 0.49569687500000004
vt 0.272340625 0.51275625
vt 0.25634375 0.49569687500000004
vt 0.256021875 0.47863750000000005
vt 0.2731375 0.47863750000000005
vt 0.272815625 0.49569687500000004
vt 0.256021875 0.47863750000000005
vt 0.255859375 0.46157812499999995
vt 0.2733 0.46157812499999995
vt 0.2731375 0.47863750000000005
vt 0.255859375 0.46157812499999995
vt 0.255859375 0.4445187500000001
vt 0.2733 0.4445187500000001
vt 0.2733 0.46157812499999995
vt 0.2558435526271199 0.44352217130291893
vt 0.2550313474715527 0.4264813672014133
vt 0.2721190276537857 0.42550371433339396
vt 0.27325570217925477 0.4425259542760035
vt 0.2550313474715527 0.4264813672014133
vt 0.25437825710314893 0.40943145952198723
vt 0.27082323834115335 0.40849057796870447
vt 0.2721190276537857 0.42550371433339396
vt 0.25437825710314893 0.40943145952198723
vt 0.2538780417263335 0.3923728052676968
vt 0.26937457403693255 0.3914861881788796
vt 0.27082323834115335 0.40849057796870447
vt 0.2538780417263335 0.3923728052676968
vt 0.2535229015966376 0.37530585069236144
vt 0.2677808344855923 0.37449009871009953
vt 0.2693745740369326 0.3914861881788796
vt 0.2535229015966376 0.37530585069236144
vt 0.2533003571229112 0.3582313098020926
vt 0.26605449927828245 0.35750159555625305
vt 0.26778083448559226 0.37449009871009953
vt 0.46844543713459336 0.7424230675806834
vt 0.4727594777822363 0.7258951670879792
vt 0.48356141350851445 0.7281327240431996
vt 0.48095487431562034 0.7450143233407234
vt 0.29472370946313453 0.6445765064889042
vt 0.28789081200165906 0.6602379677310103
vt 0.27937096215852464 0.6570855039657835
vt 0.28437796816754995 0.6407484373140674
vt 0.28789081200165906 0.6602379677310103
vt 0.28097731740544457 0.675869606904474
vt 0.27444455328423834 0.6734523926861422
vt 0.27937096215852464 0.6570855039657835
vt 0.28097731740544457 0.675869606904474
vt 0.2740022759063385 0.6914784728618832
vt 0.26957969131284354 0.6898420546225551
vt 0.27444455328423834 0.6734523926861422
vt 0.2740022759063385 0.6914784728618832
vt 0.2669876685410879 0.7070726988946864
vt 0.2647543952075934 0.7062463564835744
vt 0.26957969131284354 0.6898420546225551
vt 0.2647543952075934 0.7062463564835744
vt 0.2669876685410879 0.7070726988946864
vt 0.25995108013909024 0.7226587916360415
vt 0.10858365860736839 0.9308421194354137
vt 0.10629024911133589 0.9314829192840467
vt 0.10284623683351622 0.9147324374189935
vt 0.10858365860736839 0.9308421194354137
vt 0.11429850745311002 0.9469581085369585
vt 0.10975683431726611 0.9482270940639755
vt 0.10629024911133589 0.9314829192840467
vt 0.11807141928867587 0.9480870671434307
vt 0.12537990383482345 0.9635426148215088
vt 0.1189005313206844 0.9660995003221999
vt 0.11368498002271095 0.9498180407731045
vt 0.12537990383482345 0.9635426148215088
vt 0.13262734449456592 0.979022251595825
vt 0.12417712650506292 0.9823568707750574
vt 0.1189005313206844 0.9660995003221999
vt 0.13262734449456592 0.979022251595825
vt 0.13979484673163511 0.9945334336152147
vt 0.12953366011211476 0.9985826959828413
vt 0.12417712650506292 0.9823568707750574
vt 0.09293641350851449 0.7679610259568005
vt 0.09032987431562034 0.7510794266592766
vt 0.10303831019474448 0.7497770125522468
vt 0.10391018519474449 0.7668363875522468
vt 0.2756328125 0.546875
vt 0.2748796875 0.529815625
vt 0.2891609375 0.529815625
vt 0.2884078125 0.546875
vt 0.2748796875 0.529815625
vt 0.27425937499999997 0.51275625
vt 0.28978125 0.51275625
vt 0.2891609375 0.529815625
vt 0.27425937499999997 0.51275625
vt 0.27378437499999997 0.49569687500000004
vt 0.29025625 0.49569687500000004
vt 0.28978125 0.51275625
vt 0.27378437499999997 0.49569687500000004
vt 0.2734625 0.47863750000000005
vt 0.290578125 0.47863750000000005
vt 0.29025625 0.49569687500000004
vt 0.2734625 0.47863750000000005
vt 0.2733 0.46157812499999995
vt 0.290740625 0.46157812499999995
vt 0.290578125 0.47863750000000005
vt 0.2733 0.46157812499999995
vt 0.2733 0.4445187500000001
vt 0.290740625 0.4445187500000001
vt 0.290740625 0.46157812499999995
vt 0.27325570217925477 0.4425259542760035
vt 0.2721190276537857 0.42550371433339396
vt 0.28918498349487076 0.42420072915667106
vt 0.29064571487764723 0.44119822736870207
vt 0.2721190276537857 0.42550371433339396
vt 0.27114126562565016 0.4084693414267505
vt 0.2875653396147609 0.40721536390867374
vt 0.28918498349487076 0.42420072915667106
vt 0.27114126562565016 0.4084693414267505
vt 0.27031618423220755 0.39142331135858455
vt 0.285793015099958 0.39024165582219916
vt 0.2875653396147609 0.40721536390867374
vt 0.27031618423220755 0.39142331135858455
vt 0.26963599364515717 0.3743662188820348
vt 0.2838757997787629 0.37327901014410825
vt 0.285793015099958 0.39024165582219916
vt 0.26963599364515717 0.3743662188820348
vt 0.269088230139218 0.3572990156021236
vt 0.2818261573764566 0.3563264752693789
vt 0.2838757997787629 0.37327901014410825
vt 0.48095487431562034 0.7450143233407234
vt 0.48356141350851445 0.7281327240431996
vt 0.4945351851947445 0.7292573624477532
vt 0.49366331019474446 0.7463167374477532
vt 0.28354023131649575 0.6405032626033844
vt 0.27894910181567234 0.6569620409864754
vt 0.27007394433012955 0.6550236270091632
vt 0.27276303629621157 0.638149426573143
vt 0.27894910181567234 0.6569620409864754
vt 0.27427401399670226 0.6734024821200388
vt 0.26746881068219425 0.6719161646947107
vt 0.27007394433012955 0.6550236270091632
vt 0.27427401399670226 0.6734024821200388
vt 0.2695348125529657 0.6898289202630542
vt 0.2649277906590255 0.6888227053708065
vt 0.26746881068219425 0.6719161646947107
vt 0.2695348125529657 0.6898289202630542
vt 0.2647543952075934 0.7062463564835744
vt 0.26242798653749244 0.7057382479693975
vt 0.2649277906590255 0.6888227053708065
vt 0.26242798653749244 0.7057382479693975
vt 0.2647543952075934 0.7062463564835744
vt 0.25995108013909024 0.7226587916360415
vt 0.10502800505310154 0.9310089703941942
vt 0.10265158276141982 0.931160524523462
vt 0.10275405376070817 0.9140599583639585
vt 0.10629024911133589 0.9314829192840467
vt 0.10975683431726611 0.9482270940639755
vt 0.10508464713135927 0.9488656753356027
vt 0.10393093391209068 0.9318053837830393
vt 0.10975683431726611 0.9482270940639755
vt 0.11318162063187114 0.9649769817976268
vt 0.10628015924195308 0.9659202539344438
vt 0.10508464713135927 0.9488656753356027
vt 0.11318162063187114 0.9649769817976268
vt 0.11654138644885915 0.9817357563481793
vt 0.10754069185016386 0.9829659457163835
vt 0.10628015924195308 0.9659202539344438
vt 0.11654138644885915 0.9817357563481793
vt 0.11981600637611066 0.9985061683970551
vt 0.10888637034811123 1
vt 0.10754069185016388 0.9829659457163835
vt 0.10391018519474449 0.7668363875522468
vt 0.10303831019474448 0.7497770125522468
vt 0.11581331019474449 0.7497770125522468
vt 0.11494143519474448 0.7668363875522468
vt 0.2930734375 0.546875
vt 0.2923203125 0.529815625
vt 0.3066015625 0.529815625
vt 0.3058484375 0.546875
vt 0.2923203125 0.529815625
vt 0.2917 0.51275625
vt 0.307221875 0.51275625
vt 0.3066015625 0.529815625
vt 0.2917 0.51275625
vt 0.291225 0.49569687500000004
vt 0.307696875 0.49569687500000004
vt 0.307221875 0.51275625
vt 0.291225 0.49569687500000004
vt 0.290903125 0.47863750000000005
vt 0.30801875 0.47863750000000005
vt 0.307696875 0.49569687500000004
vt 0.290903125 0.47863750000000005
vt 0.290740625 0.46157812499999995
vt 0.30818124999999996 0.46157812499999995
vt 0.30801875 0.47863750000000005
vt 0.290740625 0.46157812499999995
vt 0.290740625 0.4445187500000001
vt 0.30818124999999996 0.4445187500000001
vt 0.30818124999999996 0.46157812499999995
vt 0.29064571487764723 0.44119822736870207
vt 0.28918498349487076 0.42420072915667106
vt 0.3062230215581101 0.42257288453993624
vt 0.3080072796815433 0.439539472428772
vt 0.28918498349487076 0.42420072915667106
vt 0.2878829046483779 0.40718807299768844
vt 0.30428011089839335 0.4056214545980521
vt 0.3062230215581101 0.42257288453993624
vt 0.2878829046483779 0.40718807299768844
vt 0.2867332566700791 0.39016085332104666
vt 0.30218476937048255 0.3886845881738271
vt 0.30428011089839335 0.405621454598052
vt 0.2867332566700791 0.39016085332104666
vt 0.2857282624748624 0.37311981316336085
vt 0.29994477405948966 0.37176154223064617
vt 0.30218476937048255 0.3886845881738271
vt 0.2857282624748624 0.37311981316336085
vt 0.2848554787265486 0.35606614138321535
vt 0.2975725683015938 0.3548511279099249
vt 0.29994477405948966 0.37176154223064617
vt 0.49366331019474446 0.7463167374477532
vt 0.4945351851947445 0.7292573624477532
vt 0.5055664351947444 0.7292573624477532
vt 0.5064383101947445 0.7463167374477532
vt 0.2718993641575107 0.6380229983041337
vt 0.26963902371742665 0.6549599613451264
vt 0.26058064615151616 0.654273182622367
vt 0.2608996831091227 0.6371890358372123
vt 0.26963902371742665 0.6549599613451264
vt 0.2672929917111016 0.6718904275113767
vt 0.2603473007601506 0.6713638262822641
vt 0.26058064615151616 0.654273182622367
vt 0.2672929917111016 0.6718904275113767
vt 0.264881522508738 0.6888159324278239
vt 0.2601793925648237 0.6884594311919643
vt 0.2603473007601506 0.6713638262822641
vt 0.264881522508738 0.6888159324278239
vt 0.26242798653749244 0.7057382479693975
vt 0.26005355113837864 0.705558225476538
vt 0.2601793925648237 0.6884594311919643
vt 0.26005355113837864 0.705558225476538
vt 0.26242798653749244 0.7057382479693975
vt 0.25995108013909024 0.7226587916360414
vt 0.10265158276141982 0.931160524523462
vt 0.10027714736230603 0.9309805020306025
vt 0.10275405376070819 0.9140599583639585
vt 0.10265158276141982 0.931160524523462
vt 0.1025257413349748 0.9482593188080357
vt 0.0978236113910605 0.9479028175721761
vt 0.10027714736230603 0.9309805020306025
vt 0.1025257413349748 0.9482593188080357
vt 0.10235783313964786 0.9653549237177359
vt 0.0954121421886969 0.9648283224886233
vt 0.0978236113910605 0.9479028175721761
vt 0.10235783313964786 0.9653549237177359
vt 0.10212448774828235 0.982445567377633
vt 0.09306611018237189 0.9817587886548736
vt 0.0954121421886969 0.9648283224886233
vt 0.10212448774828235 0.982445567377633
vt 0.10180545079067589 0.9995297141627877
vt 0.09080576974228788 0.9986957516958663
vt 0.09306611018237189 0.9817587886548736
vt 0.5178710648052555 0.6887113875522468
vt 0.5169991898052555 0.6716520125522468
vt 0.5297741898052555 0.6716520125522468
vt 0.5289023148052555 0.6887113875522468
vt 0.5339953125 0.5
vt 0.5332421875 0.482940625
vt 0.5475234375 0.482940625
vt 0.5467703125 0.5
vt 0.5332421875 0.482940625
vt 0.532621875 0.46588125
vt 0.54814375 0.46588125
vt 0.5475234375 0.482940625
vt 0.532621875 0.46588125
vt 0.532146875 0.44882187500000004
vt 0.54861875 0.44882187500000004
vt 0.54814375 0.46588125
vt 0.532146875 0.44882187500000004
vt 0.531825 0.43176250000000005
vt 0.548940625 0.43176250000000005
vt 0.54861875 0.44882187500000004
vt 0.531825 0.43176250000000005
vt 0.5316625 0.41470312499999995
vt 0.549103125 0.41470312499999995
vt 0.548940625 0.43176250000000005
vt 0.5316625 0.41470312499999995
vt 0.5316625 0.3976437500000001
vt 0.549103125 0.3976437500000001
vt 0.549103125 0.41470312499999995
vt 0.5318364703184567 0.392664472428772
vt 0.5336207284418899 0.37569788453993624
vt 0.5506587665051292 0.37732572915667106
vt 0.5491980351223528 0.39432322736870207
vt 0.5336207284418899 0.37569788453993624
vt 0.5355636391016066 0.3587464545980521
vt 0.551960845351622 0.36031307299768844
vt 0.5506587665051292 0.37732572915667106
vt 0.5355636391016066 0.3587464545980521
vt 0.5376589806295174 0.3418095881738271
vt 0.5531104933299209 0.34328585332104666
vt 0.551960845351622 0.36031307299768844
vt 0.5376589806295174 0.3418095881738271
vt 0.5398989759405103 0.32488654223064617
vt 0.5541154875251376 0.32624481316336085
vt 0.5531104933299209 0.34328585332104666
vt 0.5398989759405103 0.32488654223064617
vt 0.5422711816984063 0.3079761279099249
vt 0.5549882712734514 0.30919114138321535
vt 0.5541154875251376 0.32624481316336085
vt 0.5326241898052555 0.8088167374477532
vt 0.5334960648052555 0.7917573624477532
vt 0.5445273148052555 0.7917573624477532
vt 0.5453991898052555 0.8088167374477532
vt 0.2538187635516872 0.63671875
vt 0.25516444204963457 0.6537528042836165
vt 0.24616374745093927 0.6549829936518207
vt 0.24288912752368774 0.6382125816029449
vt 0.25516444204963457 0.6537528042836165
vt 0.25642497465784536 0.6707984960655562
vt 0.24952351326792732 0.6717417682023732
vt 0.24616374745093927 0.6549829936518207
vt 0.25642497465784536 0.6707984960655562
vt 0.2576204867684392 0.6878530746643973
vt 0.25294829958253234 0.6884916559360245
vt 0.24952351326792732 0.6717417682023732
vt 0.2576204867684392 0.6878530746643973
vt 0.2587741999877078 0.7049133662169607
vt 0.2564148847884626 0.7052358307159533
vt 0.25294829958253234 0.6884916559360245
vt 0.2576771288466969 0.7057097796058058
vt 0.26005355113837864 0.705558225476538
vt 0.25995108013909024 0.7226587916360414
vt 0.10027714736230603 0.9309805020306025
vt 0.09795073869220504 0.9304723935164256
vt 0.10275405376070819 0.9140599583639585
vt 0.10027714736230603 0.9309805020306025
vt 0.09777734324077295 0.9478960446291935
vt 0.09317032134683279 0.9468898297369458
vt 0.09795073869220504 0.9304723935164256
vt 0.09777734324077295 0.9478960446291935
vt 0.0952363232176042 0.9648025853052893
vt 0.08843111990309616 0.9633162678799612
vt 0.09317032134683279 0.9468898297369458
vt 0.0952363232176042 0.9648025853052893
vt 0.09263118956966888 0.9816951229908368
vt 0.0837560320841261 0.9797567090135246
vt 0.08843111990309616 0.9633162678799612
vt 0.09263118956966888 0.9816951229908368
vt 0.08994209760358686 0.998569323426857
vt 0.07916490258330272 0.9962154873966156
vt 0.0837560320841261 0.9797567090135246
vt 0.5289023148052555 0.6887113875522468
vt 0.5297741898052555 0.6716520125522468
vt 0.5424826256843797 0.6729544266592766
vt 0.5398760864914856 0.6898360259568004
vt 0.5514359375 0.5
vt 0.5506828125000001 0.482940625
vt 0.5649640625 0.482940625
vt 0.5642109375 0.5
vt 0.5506828125000001 0.482940625
vt 0.5500625 0.46588125
vt 0.565584375 0.46588125
vt 0.5649640625 0.482940625
vt 0.5500625 0.46588125
vt 0.5495875 0.44882187500000004
vt 0.566059375 0.44882187500000004
vt 0.565584375 0.46588125
vt 0.5495875 0.44882187500000004
vt 0.549265625 0.43176250000000005
vt 0.5663812500000001 0.43176250000000005
vt 0.566059375 0.44882187500000004
vt 0.549265625 0.43176250000000005
vt 0.549103125 0.41470312499999995
vt 0.56654375 0.41470312499999995
vt 0.5663812500000001 0.43176250000000005
vt 0.549103125 0.41470312499999995
vt 0.549103125 0.3976437500000001
vt 0.56654375 0.3976437500000001
vt 0.56654375 0.41470312499999995
vt 0.5491980351223528 0.39432322736870207
vt 0.5506587665051292 0.37732572915667106
vt 0.5677247223462143 0.37862871433339396
vt 0.5665880478207452 0.3956509542760035
vt 0.5506587665051292 0.37732572915667106
vt 0.5522784103852392 0.36034036390867374
vt 0.5687024843743498 0.3615943414267505
vt 0.5677247223462143 0.37862871433339396
vt 0.5522784103852392 0.36034036390867374
vt 0.554050734900042 0.34336665582219916
vt 0.5695275657677925 0.34454831135858455
vt 0.5687024843743498 0.3615943414267505
vt 0.554050734900042 0.34336665582219916
vt 0.5559679502212371 0.32640401014410825
vt 0.5702077563548429 0.3274912188820348
vt 0.5695275657677925 0.34454831135858455
vt 0.5559679502212371 0.32640401014410825
vt 0.5580175926235434 0.3094514752693789
vt 0.570755519860782 0.3104240156021236
vt 0.5702077563548429 0.3274912188820348
vt 0.5453991898052555 0.8088167374477532
vt 0.5445273148052555 0.7917573624477532
vt 0.5555010864914856 0.7906327240431995
vt 0.5581076256843797 0.8075143233407234
vt 0.24221747435245353 0.6383516355113947
vt 0.24587066243076433 0.6550436717209625
vt 0.23712139549511277 0.6574882979151564
vt 0.23159314952175178 0.6413201702432505
vt 0.24587066243076433 0.6550436717209625
vt 0.2494410831060031 0.6717588339093193
vt 0.24273240887154585 0.673633299608273
vt 0.23712139549511277 0.6574882979151564
vt 0.2494410831060031 0.6717588339093193
vt 0.25294829958253234 0.6884916559360245
vt 0.24840662644668846 0.6897606414630415
vt 0.24273240887154585 0.673633299608273
vt 0.25294829958253234 0.6884916559360245
vt 0.2564148847884626 0.7052358307159533
vt 0.25412147529243007 0.7058766305645863
vt 0.24840662644668846 0.6897606414630415
vt 0.25534479802434906 0.7061899717523745
vt 0.2576771288466969 0.7057097796058058
vt 0.25995108013909024 0.7226587916360414
vt 0.09795073869220504 0.9304723935164257
vt 0.09571746535871056 0.9296460511053136
vt 0.10275405376070819 0.9140599583639585
vt 0.09795073869220504 0.9304723935164257
vt 0.09312544258695489 0.9468766953774449
vt 0.08870285799345994 0.9452402771381166
vt 0.09571746535871056 0.9296460511053136
vt 0.09312544258695489 0.9468766953774449
vt 0.08826058061556016 0.9632663573138578
vt 0.0817278164943539 0.960849143095526
vt 0.08870285799345994 0.9452402771381166
vt 0.08826058061556016 0.9632663573138578
vt 0.08333417174127385 0.9796332460342165
vt 0.07481432189813945 0.9764807822689897
vt 0.0817278164943539 0.960849143095526
vt 0.08333417174127385 0.9796332460342165
vt 0.07832716573224861 0.9959703126859326
vt 0.067981424436664 0.9921422435110959
vt 0.07481432189813944 0.9764807822689897
vt 0.5398760864914856 0.6898360259568004
vt 0.5424826256843797 0.6729544266592766
vt 0.5549920628654066 0.6755456824193166
vt 0.5506780222177636 0.6920735829120208
vt 0.5688765625000001 0.5
vt 0.5681234375 0.482940625
vt 0.5824046875 0.482940625
vt 0.5816515625 0.5
vt 0.5681234375 0.482940625
vt 0.567503125 0.46588125
vt 0.583025 0.46588125
vt 0.5824046875 0.482940625
vt 0.567503125 0.46588125
vt 0.567028125 0.44882187500000004
vt 0.5835 0.44882187500000004
vt 0.583025 0.46588125
vt 0.567028125 0.44882187500000004
vt 0.56670625 0.43176250000000005
vt 0.583821875 0.43176250000000005
vt 0.5835 0.44882187500000004
vt 0.56670625 0.43176250000000005
vt 0.56654375 0.41470312499999995
vt 0.583984375 0.41470312499999995
vt 0.583821875 0.43176250000000005
vt 0.56654375 0.41470312499999995
vt 0.56654375 0.3976437500000001
vt 0.583984375 0.3976437500000001
vt 0.583984375 0.41470312499999995
vt 0.5665880478207452 0.3956509542760035
vt 0.5677247223462143 0.37862871433339396
vt 0.5848124025284472 0.3796063672014133
vt 0.5840001973728801 0.39664717130291893
vt 0.5677247223462143 0.37862871433339396
vt 0.5690205116588467 0.36161557796870447
vt 0.5854654928968511 0.36255645952198723
vt 0.5848124025284472 0.3796063672014133
vt 0.5690205116588467 0.36161557796870447
vt 0.5704691759630675 0.3446111881788796
vt 0.5859657082736666 0.3454978052676968
vt 0.5854654928968511 0.36255645952198723
vt 0.5704691759630675 0.3446111881788796
vt 0.5720629155144077 0.32761509871009953
vt 0.5863208484033624 0.32843085069236144
vt 0.5859657082736666 0.3454978052676968
vt 0.5720629155144077 0.32761509871009953
vt 0.5737892507217175 0.31062659555625305
vt 0.5865433928770888 0.3113563098020926
vt 0.5863208484033624 0.32843085069236144
vt 0.5581076256843797 0.8075143233407234
vt 0.5555010864914856 0.7906327240431995
vt 0.5663030222177636 0.7883951670879792
vt 0.5706170628654066 0.8049230675806834
vt 0.23094669454084665 0.6415494079573103
vt 0.23683930604889963 0.6575883289176552
vt 0.22850453089826894 0.6612018303122937
vt 0.22082569134795832 0.6459373198675524
vt 0.23683930604889963 0.6575883289176552
vt 0.24265307121479837 0.6736614333277259
vt 0.23626221679073378 0.6764321573073093
vt 0.22850453089826894 0.6612018303122937
vt 0.24265307121479837 0.6736614333277259
vt 0.24840662644668846 0.6897606414630415
vt 0.2440801126172073 0.6916363805770799
vt 0.23626221679073378 0.6764321573073093
vt 0.24840662644668846 0.6897606414630415
vt 0.25412147529243007 0.7058766305645863
vt 0.25193671482982927 0.7068238228806215
vt 0.2440801126172073 0.6916363805770799
vt 0.25310178210829876 0.7069894910847518
vt 0.25534479802434906 0.7061899717523745
vt 0.25995108013909024 0.7226587916360414
vt 0.09571746535871056 0.9296460511053136
vt 0.09362063009351584 0.9285174974144615
vt 0.1027540537607082 0.9140599583639585
vt 0.09571746535871056 0.9296460511053136
vt 0.08866023881433897 0.9452210360347509
vt 0.08450784456869746 0.9429861442768824
vt 0.09362063009351584 0.9285174974144615
vt 0.08866023881433897 0.9452210360347509
vt 0.08156586361369426 0.9607760269027361
vt 0.07543220770015223 0.9574747852007555
vt 0.08450784456869746 0.9429861442768824
vt 0.08156586361369426 0.9607760269027361
vt 0.07441370161440246 0.9762999158973513
vt 0.06641435763025409 0.9719945279979985
vt 0.07543220770015223 0.9574747852007555
vt 0.07441370161440246 0.9762999158973513
vt 0.0671858664264061 0.9917830762482678
vt 0.05747218074906049 0.9865549994389401
vt 0.06641435763025409 0.9719945279979985
vt 0.5506780222177636 0.6920735829120208
vt 0.5549920628654066 0.6755456824193166
vt 0.56717214053603 0.6793987763628352
vt 0.5611955550399997 0.695400740842701
vt 0.5863171875000001 0.5
vt 0.5855640625 0.482940625
vt 0.5998453125000001 0.482940625
vt 0.5990921875 0.5
vt 0.5855640625 0.482940625
vt 0.58494375 0.46588125
vt 0.600465625 0.46588125
vt 0.5998453125000001 0.482940625
vt 0.58494375 0.46588125
vt 0.58446875 0.44882187500000004
vt 0.600940625 0.44882187500000004
vt 0.600465625 0.46588125
vt 0.58446875 0.44882187500000004
vt 0.5841468750000001 0.43176250000000005
vt 0.6012625 0.43176250000000005
vt 0.600940625 0.44882187500000004
vt 0.5841468750000001 0.43176250000000005
vt 0.583984375 0.41470312499999995
vt 0.601425 0.41470312499999995
vt 0.6012625 0.43176250000000005
vt 0.583984375 0.41470312499999995
vt 0.583984375 0.3976437500000001
vt 0.601425 0.3976437500000001
vt 0.601425 0.41470312499999995
vt 0.5840001973728801 0.39664717130291893
vt 0.5848124025284472 0.3796063672014133
vt 0.6019156057311108 0.38025833295897016
vt 0.6014281647042777 0.39731151691053723
vt 0.5848124025284472 0.3796063672014133
vt 0.5857838670163745 0.36257163398791836
vt 0.6022437874255837 0.3631990781193921
vt 0.6019156057311108 0.38025833295897016
vt 0.5857838670163745 0.36257163398791836
vt 0.5869083453726476 0.3455427335883946
vt 0.6024189552517109 0.34613399046584303
vt 0.6022437874255837 0.3631990781193921
vt 0.5869083453726476 0.3455427335883946
vt 0.588178030767249 0.3285193684102926
vt 0.6024489160395097 0.3290633675908723
vt 0.6024189552517109 0.34613399046584303
vt 0.588178030767249 0.3285193684102926
vt 0.5895804322721504 0.311501062305533
vt 0.6023461607170085 0.3119876856425592
vt 0.6024489160395097 0.3290633675908723
vt 0.5706170628654066 0.8049230675806834
vt 0.5663030222177637 0.7883951670879792
vt 0.5768205550399997 0.7850680091572989
vt 0.58279714053603 0.8010699736371648
vt 0.22021648283692796 0.6462524689782485
vt 0.22823869445709205 0.6613393499242338
vt 0.22047375013894877 0.6660543800277177
vt 0.21078743108493422 0.6519779785294346
vt 0.22823869445709205 0.6613393499242338
vt 0.23618745029165278 0.6764708346981675
vt 0.23023352497856664 0.6800861776980525
vt 0.22047375013894877 0.6660543800277177
vt 0.23618745029165278 0.6764708346981675
vt 0.2440801126172073 0.6916363805770799
vt 0.24004939332719072 0.6940839142634085
vt 0.23023352497856664 0.6800861776980525
vt 0.2440801126172073 0.6916363805770799
vt 0.25193671482982927 0.7068238228806215
vt 0.24990132178874733 0.7080597544041354
vt 0.24004939332719072 0.6940839142634085
vt 0.25099157273700323 0.7080928350799756
vt 0.25310178210829876 0.7069894910847518
vt 0.25995108013909024 0.7226587916360414
vt 0.09362063009351584 0.9285174974144615
vt 0.0917008901209435 0.927108614878475
vt 0.1027540537607082 0.9140599583639585
vt 0.09362063009351584 0.9285174974144615
vt 0.0844683113478533 0.9429611695108703
vt 0.080666621559649 0.9401711383470859
vt 0.0917008901209435 0.927108614878475
vt 0.0844683113478533 0.9429611695108703
vt 0.0752819814609444 0.9573798810899091
vt 0.06966636413960088 0.9532586223330666
vt 0.080666621559649 0.9401711383470859
vt 0.0752819814609444 0.9573798810899091
vt 0.06604274535431894 0.9717597651974839
vt 0.058719012939269316 0.9663849337905115
vt 0.06966636413960088 0.9532586223330666
vt 0.06604274535431894 0.9717597651974839
vt 0.056734227293302734 0.9860888038067125
vt 0.047840943693328475 0.9795620907463023
vt 0.058719012939269316 0.9663849337905115
vt 0.5611955550399997 0.695400740842701
vt 0.56717214053603 0.6793987763628352
vt 0.5788959301385443 0.6844735554078752
vt 0.571319081776026 0.6997828274447049
vt 0.56717214053603 0.6793987763628352
vt 0.5732577045068392 0.6634439844866169
vt 0.586363800026284 0.669117110767398
vt 0.5788959301385443 0.6844735554078752
vt 0.6030046875 0.482940625
vt 0.602384375 0.46588125
vt 0.61790625 0.46588125
vt 0.6172859375 0.482940625
vt 0.602384375 0.46588125
vt 0.601909375 0.44882187500000004
vt 0.61838125 0.44882187500000004
vt 0.61790625 0.46588125
vt 0.601909375 0.44882187500000004
vt 0.6015875 0.43176250000000005
vt 0.618703125 0.43176250000000005
vt 0.61838125 0.44882187500000004
vt 0.6015875 0.43176250000000005
vt 0.601425 0.41470312499999995
vt 0.618865625 0.41470312499999995
vt 0.618703125 0.43176250000000005
vt 0.601425 0.41470312499999995
vt 0.601425 0.3976437500000001
vt 0.618865625 0.3976437500000001
vt 0.618865625 0.41470312499999995
vt 0.6014281647042777 0.39731151691053723
vt 0.6019156057311108 0.38025833295897016
vt 0.619028125 0.380584375
vt 0.618865625 0.3976437500000001
vt 0.6019156057311108 0.38025833295897016
vt 0.60256239283841 0.36320818500230767
vt 0.6190312789195338 0.3635219640050954
vt 0.619028125 0.380584375
vt 0.60256239283841 0.36320818500230767
vt 0.6033622771602747 0.34616095398192603
vt 0.618881335624502 0.34645663607390986
vt 0.6190312789195338 0.3635219640050954
vt 0.6033622771602747 0.34616095398192603
vt 0.6043074476143293 0.32911649107454577
vt 0.6185861061972805 0.3293885400297232
vt 0.618881335624502 0.34645663607390986
vt 0.5888827045068392 0.8170247655133831
vt 0.58279714053603 0.8010699736371648
vt 0.5945209301385443 0.7959951945921248
vt 0.601988800026284 0.811351639232602
vt 0.58279714053603 0.8010699736371648
vt 0.5768205550399997 0.7850680091572989
vt 0.586944081776026 0.7806859225552951
vt 0.5945209301385443 0.7959951945921248
vt 0.21022682314369162 0.6523731654574825
vt 0.22022912121913382 0.6662268252326841
vt 0.21317872658098275 0.6719555078549765
vt 0.20166545641762582 0.6593295636881988
vt 0.22022912121913382 0.6662268252326841
vt 0.23016472309486868 0.6801346779119493
vt 0.224758692944047 0.6845272591176905
vt 0.21317872658098275 0.6719555078549765
vt 0.23016472309486868 0.6801346779119493
vt 0.24004939332719072 0.6940839142634085
vt 0.23638959095052406 0.6970576267082105
vt 0.224758692944047 0.6845272591176905
vt 0.24004939332719072 0.6940839142634085
vt 0.24990132178874733 0.7080597544041354
vt 0.24805323072776655 0.7095613905094628
vt 0.23638959095052406 0.6970576267082105
vt 0.24905508645607782 0.7094786101144916
vt 0.25099157273700323 0.7080928350799756
vt 0.25995108013909024 0.7226587916360414
vt 0.0917008901209435 0.927108614878475
vt 0.08999546882234423 0.9254467214532567
vt 0.1027540537607082 0.9140599583639585
vt 0.0917008901209435 0.927108614878475
vt 0.08063094083847604 0.9401409141742393
vt 0.07725366952668301 0.9368498417613069
vt 0.08999546882234423 0.9254467214532567
vt 0.08063094083847604 0.9401409141742393
vt 0.06953077739914364 0.9531437704762498
vt 0.06454208438788674 0.948282405063111
vt 0.07725366952668301 0.9368498417613069
vt 0.06953077739914364 0.9531437704762498
vt 0.058383614160243534 0.9661008265657542
vt 0.05187749904865816 0.9597607685774212
vt 0.06454208438788674 0.948282405063111
vt 0.058383614160243534 0.9661008265657542
vt 0.04717490356476669 0.9789979061865008
vt 0.039274461066006336 0.9712991085604893
vt 0.05187749904865816 0.9597607685774212
vt 0.571319081776026 0.6997828274447049
vt 0.5788959301385443 0.6844735554078752
vt 0.5900412580920141 0.690717135295216
vt 0.580943105180074 0.7051741770049575
vt 0.5788959301385443 0.6844735554078752
vt 0.5865763798861489 0.6692223205617792
vt 0.5990358096188682 0.6762020563947408
vt 0.5900412580920141 0.690717135295216
vt 0.5865763798861489 0.6692223205617792
vt 0.5943726996039154 0.6540359957316353
vt 0.6079144911755602 0.6616220674783138
vt 0.5990358096188682 0.6762020563947408
vt 0.5943726996039154 0.6540359957316353
vt 0.6022957947008003 0.6389206900954153
vt 0.6166663973531337 0.6469710593679626
vt 0.6079144911755602 0.6616220674783138
vt 0.6193500000000001 0.44882187500000004
vt 0.619028125 0.43176250000000005
vt 0.63614375 0.43176250000000005
vt 0.635821875 0.44882187500000004
vt 0.619028125 0.43176250000000005
vt 0.618865625 0.41470312499999995
vt 0.63630625 0.41470312499999995
vt 0.63614375 0.43176250000000005
vt 0.618865625 0.41470312499999995
vt 0.618865625 0.3976437500000001
vt 0.63630625 0.3976437500000001
vt 0.63630625 0.41470312499999995
vt 0.618865625 0.3976437500000001
vt 0.619028125 0.380584375
vt 0.63614375 0.380584375
vt 0.63630625 0.3976437500000001
vt 0.619028125 0.380584375
vt 0.6193500000000001 0.363525
vt 0.635821875 0.363525
vt 0.63614375 0.380584375
vt 0.6179207947008003 0.8415480599045846
vt 0.6099976996039154 0.8264327542683647
vt 0.6235394911755602 0.8188466825216862
vt 0.6322913973531337 0.8334976906320374
vt 0.6099976996039154 0.8264327542683647
vt 0.6022013798861487 0.8112464294382208
vt 0.6146608096188682 0.8042666936052592
vt 0.6235394911755602 0.8188466825216862
vt 0.6022013798861487 0.8112464294382208
vt 0.5945209301385443 0.7959951945921248
vt 0.6056662580920141 0.789751614704784
vt 0.6146608096188682 0.8042666936052592
vt 0.5945209301385443 0.7959951945921248
vt 0.586944081776026 0.7806859225552951
vt 0.596568105180074 0.7752945729950425
vt 0.6056662580920141 0.789751614704784
vt 0.2011638973548559 0.6597974231526086
vt 0.21295986444450132 0.6721596647121735
vt 0.20675542094199786 0.6787952317538715
vt 0.19362977779385243 0.6678550604615847
vt 0.21295986444450132 0.6721596647121735
vt 0.22469713796816154 0.6845846782337772
vt 0.21993975765612847 0.6896726310841194
vt 0.20675542094199786 0.6787952317538715
vt 0.22469713796816154 0.6845846782337772
vt 0.23638959095052403 0.6970576267082105
vt 0.23316891491155683 0.7005020954615376
vt 0.21993975765612847 0.6896726310841194
vt 0.23638959095052403 0.6970576267082105
vt 0.24805323072776655 0.7095613905094628
vt 0.24642688537210516 0.7113007445121369
vt 0.23316891491155683 0.7005020954615376
vt 0.24732987135450615 0.7111199462823161
vt 0.24905508645607782 0.7094786101144916
vt 0.2599510801390902 0.7226587916360415
vt 0.08999546882234423 0.9254467214532567
vt 0.08853743398203696 0.9235640409262021
vt 0.1027540537607082 0.9140599583639585
vt 0.08999546882234423 0.9254467214532567
vt 0.07722253314736308 0.9368149542224066
vt 0.07433516493998292 0.933086653808594
vt 0.08853743398203696 0.9235640409262021
vt 0.07722253314736308 0.9368149542224066
vt 0.06442376614647095 0.9481498324152898
vt 0.06015872722383983 0.9426426212672525
vt 0.07433516493998292 0.933086653808594
vt 0.06442376614647095 0.9481498324152898
vt 0.05158481708305071 0.9594328257117583
vt 0.04602247157022491 0.952250473622326
vt 0.060158727223839824 0.9426426212672525
vt 0.05158481708305071 0.9594328257117583
vt 0.038693248652034065 0.9706478745010166
vt 0.03193883528420639 0.9619262704846094
vt 0.04602247157022491 0.952250473622326
vt 0.580943105180074 0.7051741770049575
vt 0.5900412580920141 0.690717135295216
vt 0.6004919789628431 0.6980644516951011
vt 0.5899673333292976 0.7115186062837232
vt 0.5900412580920141 0.690717135295216
vt 0.5992365556695833 0.6763283905578805
vt 0.6109194799307595 0.684542000134073
vt 0.6004919789628431 0.6980644516951011
vt 0.5992365556695833 0.6763283905578805
vt 0.6085405018863428 0.6620160305923148
vt 0.6212383322594855 0.6709431638012749
vt 0.6109194799307595 0.684542000134073
vt 0.6085405018863428 0.6620160305923148
vt 0.6179633224965695 0.6477872445535091
vt 0.6314383101947445 0.657260753541717
vt 0.6212383322594855 0.6709431638012749
vt 0.3459671875 0.9485495581629192
vt 0.3456453125 0.9314901831629192
vt 0.3627609375 0.9314901831629192
vt 0.3624390625 0.9485495581629192
vt 0.3456453125 0.9314901831629192
vt 0.3454828125 0.9144308081629192
vt 0.3629234375 0.9144308081629192
vt 0.3627609375 0.9314901831629192
vt 0.3454828125 0.9144308081629192
vt 0.3454828125 0.8973714331629192
vt 0.3629234375 0.8973714331629192
vt 0.3629234375 0.9144308081629192
vt 0.3454828125 0.8973714331629192
vt 0.3456453125 0.8803120581629192
vt 0.3627609375 0.8803120581629192
vt 0.3629234375 0.8973714331629192
vt 0.3456453125 0.8803120581629192
vt 0.3459671875 0.8632526831629193
vt 0.3624390625 0.8632526831629193
vt 0.3627609375 0.8803120581629192
vt 0.6335883224965695 0.8326815054464909
vt 0.6241655018863428 0.8184527194076852
vt 0.6368633322594855 0.8095255861987251
vt 0.6470633101947445 0.823207996458283
vt 0.6241655018863428 0.8184527194076852
vt 0.6148615556695833 0.8041403594421195
vt 0.6265444799307595 0.795926749865927
vt 0.6368633322594855 0.8095255861987251
vt 0.6148615556695833 0.8041403594421195
vt 0.6056662580920141 0.789751614704784
vt 0.6161169789628431 0.7824042983048989
vt 0.6265444799307595 0.795926749865927
vt 0.6056662580920141 0.789751614704784
vt 0.596568105180074 0.7752945729950425
vt 0.6055923333292976 0.7689501437162768
vt 0.6161169789628431 0.782404298304899
vt 0.19319661539706617 0.6683868727497981
vt 0.20656640462340023 0.6790272952978191
vt 0.20132354733083502 0.6864460766364502
vt 0.1868301598612027 0.6773955752353047
vt 0.20656640462340023 0.6790272952978191
vt 0.2198865968165229 0.6897378989558547
vt 0.21586653183367877 0.6954263969275811
vt 0.20132354733083502 0.6864460766364502
vt 0.2198865968165229 0.6897378989558547
vt 0.23316891491155683 0.7005020954615376
vt 0.2304473904346112 0.7043531243710645
vt 0.21586653183367877 0.695426396927581
vt 0.23316891491155683 0.7005020954615376
vt 0.24642688537210516 0.7113007445121369
vt 0.24505259667002927 0.7132453992696316
vt 0.2304473904346112 0.7043531243710645
vt 0.24584937901456247 0.7129850183972405
vt 0.24732987135450615 0.7111199462823161
vt 0.25995108013909024 0.7226587916360414
vt 0.08853743398203696 0.9235640409262021
vt 0.08735505660945982 0.921497078103286
vt 0.1027540537607082 0.9140599583639585
vt 0.08853743398203696 0.9235640409262021
vt 0.07430917663080099 0.933047779366173
vt 0.07196769703077617 0.9289545419648862
vt 0.08735505660945982 0.921497078103286
vt 0.07430917663080099 0.933047779366173
vt 0.060059971648948475 0.9424948983860528
vt 0.05660128508270906 0.9364486252465776
vt 0.07196769703077617 0.9289545419648862
vt 0.060059971648948475 0.9424948983860528
vt 0.0457781814639147 0.9518850538635688
vt 0.041267458337823186 0.9439996720706326
vt 0.05660128508270906 0.9364486252465776
vt 0.0457781814639147 0.9518850538635688
vt 0.03145372017947688 0.9612006142260845
vt 0.025976302692341344 0.951625314009688
vt 0.04126745833782319 0.9439996720706326
vt 0.5899673333292976 0.7115186062837232
vt 0.6004919789628431 0.6980644516951011
vt 0.6101391858160354 0.7064389382424494
vt 0.5982977247656404 0.71875
vt 0.6004919789628431 0.6980644516951011
vt 0.6111063001982528 0.6846881421379856
vt 0.6218909712645663 0.6940500314533921
vt 0.6101391858160354 0.7064389382424494
vt 0.364503125 0.9826683081629193
vt 0.3638828125 0.9656089331629193
vt 0.3794046875 0.9656089331629193
vt 0.378784375 0.9826683081629193
vt 0.3638828125 0.9656089331629193
vt 0.3634078125 0.9485495581629192
vt 0.3798796875 0.9485495581629192
vt 0.3794046875 0.9656089331629193
vt 0.3634078125 0.9485495581629192
vt 0.3630859375 0.9314901831629192
vt 0.3802015625 0.9314901831629192
vt 0.3798796875 0.9485495581629192
vt 0.3630859375 0.9314901831629192
vt 0.3629234375 0.9144308081629192
vt 0.3803640625 0.9144308081629192
vt 0.3802015625 0.9314901831629192
vt 0.3629234375 0.9144308081629192
vt 0.3629234375 0.8973714331629192
vt 0.3803640625 0.8973714331629192
vt 0.3803640625 0.9144308081629192
vt 0.3629234375 0.8973714331629192
vt 0.3627609375 0.8803120581629192
vt 0.3798734567688893 0.8799860161218893
vt 0.3803608977957223 0.8970392000734564
vt 0.3627609375 0.8803120581629192
vt 0.3627577835804662 0.8632496471680147
vt 0.37922666966159 0.8629358681652268
vt 0.3798734567688893 0.8799860161218893
vt 0.3627577835804662 0.8632496471680147
vt 0.362907726875498 0.8461843192368291
vt 0.3784267853397253 0.8458886371448453
vt 0.37922666966159 0.8629358681652268
vt 0.362907726875498 0.8461843192368291
vt 0.3632029563027195 0.8291162231926423
vt 0.3774816148856707 0.828844174237465
vt 0.3784267853397253 0.8458886371448453
vt 0.6267313001982528 0.7957806078620144
vt 0.6161169789628431 0.782404298304899
vt 0.6257641858160354 0.7740298117575506
vt 0.6375159712645663 0.7864187185466079
vt 0.6161169789628431 0.782404298304899
vt 0.6055923333292976 0.7689501437162768
vt 0.6139227247656404 0.76171875
vt 0.6257641858160354 0.7740298117575506
vt 0.18647346717771082 0.6779814287164991
vt 0.2011678996144022 0.6867017217918805
vt 0.1969843420805047 0.6947654501789974
vt 0.18139333023424392 0.6877732970365964
vt 0.2011678996144022 0.6867017217918805
vt 0.21582275591343203 0.6954982971275459
vt 0.21261493006442703 0.7016813210611142
vt 0.1969843420805047 0.6947654501789974
vt 0.21582275591343203 0.6954982971275459
vt 0.2304473904346112 0.7043531243710645
vt 0.22827573982620003 0.7085389400353779
vt 0.21261493006442703 0.7016813210611142
vt 0.2304473904346112 0.7043531243710645
vt 0.24505259667002927 0.7132453992696316
vt 0.24395597787373413 0.7153591113545931
vt 0.22827573982620003 0.7085389400353779
vt 0.24464231589219598 0.7150376630769458
vt 0.24584937901456247 0.7129850183972405
vt 0.25995108013909024 0.7226587916360414
vt 0.08735505660945982 0.921497078103286
vt 0.08647126276984494 0.9192859109880369
vt 0.1027540537607082 0.9140599583639586
vt 0.08735505660945982 0.921497078103286
vt 0.07194736069994752 0.9289124343867547
vt 0.0701971705372456 0.9245336270679742
vt 0.08647126276984494 0.9192859109880369
vt 0.07194736069994752 0.9289124343867547
vt 0.05652400702556016 0.9362886164496778
vt 0.053938736069521334 0.9298205173684571
vt 0.0701971705372456 0.9245336270679742
vt 0.05652400702556016 0.9362886164496778
vt 0.041076296828033806 0.9436038608361962
vt 0.037704658124936064 0.9351683453453445
vt 0.053938736069521334 0.9298205173684571
vt 0.041076296828033806 0.9436038608361962
vt 0.02559669118353973 0.9508393058845659
vt 0.021502475627318537 0.9405959726603808
vt 0.037704658124936064 0.9351683453453445
vt 0.02559669118353973 0.9508393058845659
vt 0.010079390919901968 0.9579804426242144
vt 0.005337987748844683 0.9461179082841382
vt 0.021502475627318537 0.9405959726603808
vt 0.382696875 0.9997276831629193
vt 0.38194375 0.9826683081629193
vt 0.396225 0.9826683081629193
vt 0.395471875 0.9997276831629193
vt 0.38194375 0.9826683081629193
vt 0.3813234375 0.9656089331629193
vt 0.3968453125 0.9656089331629193
vt 0.396225 0.9826683081629193
vt 0.3813234375 0.9656089331629193
vt 0.38084843749999997 0.9485495581629192
vt 0.3973203125 0.9485495581629192
vt 0.3968453125 0.9656089331629193
vt 0.38084843749999997 0.9485495581629192
vt 0.3805265625 0.9314901831629192
vt 0.3976421875 0.9314901831629192
vt 0.3973203125 0.9485495581629192
vt 0.3805265625 0.9314901831629192
vt 0.3803640625 0.9144308081629192
vt 0.3978046875 0.9144308081629192
vt 0.3976421875 0.9314901831629192
vt 0.3803640625 0.9144308081629192
vt 0.3803640625 0.8973714331629192
vt 0.3978046875 0.8973714331629192
vt 0.3978046875 0.9144308081629192
vt 0.3803608977957223 0.8970392000734564
vt 0.3798734567688893 0.8799860161218893
vt 0.39697665997155274 0.8793340503643324
vt 0.3977888651271199 0.8963748544658382
vt 0.3798734567688893 0.8799860161218893
vt 0.37954527507441627 0.8629267612823114
vt 0.3960051954836255 0.8622993171508375
vt 0.39697665997155274 0.8793340503643324
vt 0.37954527507441627 0.8629267612823114
vt 0.3793701072482891 0.8458616736287623
vt 0.3948807171273524 0.8452704167513139
vt 0.3960051954836255 0.8622993171508375
vt 0.3793701072482891 0.8458616736287623
vt 0.3793401464604903 0.8287910507537914
vt 0.393611031732751 0.8282470515732118
vt 0.3948807171273524 0.8452704167513139
vt 0.3793401464604903 0.8287910507537914
vt 0.37944290178299145 0.8117153688054783
vt 0.39220863022784963 0.8112287454684521
vt 0.393611031732751 0.8282470515732118
vt 0.16534048916069888 0.6818603154218751
vt 0.18111975511005188 0.6884022728893187
vt 0.17742061761353806 0.6987948114793063
vt 0.1610566154820166 0.693895640565181
vt 0.18111975511005188 0.6884022728893187
vt 0.19686496384449362 0.6950399123692761
vt 0.19381867695997076 0.7035983003809176
vt 0.17742061761353806 0.6987948114793063
vt 0.19686496384449362 0.6950399123692761
vt 0.21258135493554892 0.7017585135521303
vt 0.2102455539497899 0.7083208275796324
vt 0.19381867695997076 0.7035983003809176
vt 0.21258135493554892 0.7017585135521303
vt 0.22827573982620003 0.7085389400353779
vt 0.22669443714001322 0.7129815294779535
vt 0.2102455539497899 0.7083208275796324
vt 0.22827573982620003 0.7085389400353779
vt 0.24395597787373413 0.7153591113545931
vt 0.24315746717335354 0.7176024865403071
vt 0.22669443714001322 0.7129815294779535
vt 0.24373208670448307 0.7172380799438907
vt 0.24464231589219598 0.7150376630769458
vt 0.25995108013909024 0.7226587916360414
vt 0.08647126276984494 0.9192859109880369
vt 0.08590318905231241 0.9169734136769144
vt 0.10275405376070822 0.9140599583639586
vt 0.08647126276984494 0.9192859109880369
vt 0.0701828805022343 0.924489102811809
vt 0.06905791562066398 0.9199096297901767
vt 0.08590318905231241 0.9169734136769144
vt 0.0701828805022343 0.924489102811809
vt 0.0538844339364784 0.9296513251950297
vt 0.052222706487160805 0.9228868153439903
vt 0.06905791562066398 0.9199096297901767
vt 0.0538844339364784 0.9296513251950297
vt 0.03757033179582987 0.9347498173373927
vt 0.03540315292855026 0.9259277311386616
vt 0.052222706487160805 0.9228868153439903
vt 0.03757033179582987 0.9347498173373927
vt 0.021235728307107668 0.9397648532119659
vt 0.018604100718013397 0.9290521032011227
vt 0.03540315292855026 0.9259277311386616
vt 0.021235728307107668 0.9397648532119659
vt 0.004876895952480212 0.9446812589518783
vt 0.0018292773733818019 0.9322751053982448
vt 0.018604100718013397 0.9290521032011227
vt 0.4001375 0.9997276831629193
vt 0.399384375 0.9826683081629193
vt 0.413665625 0.9826683081629193
vt 0.4129125 0.9997276831629193
vt 0.399384375 0.9826683081629193
vt 0.3987640625 0.9656089331629193
vt 0.4142859375 0.9656089331629193
vt 0.413665625 0.9826683081629193
vt 0.3987640625 0.9656089331629193
vt 0.3982890625 0.9485495581629192
vt 0.4147609375 0.9485495581629192
vt 0.4142859375 0.9656089331629193
vt 0.3982890625 0.9485495581629192
vt 0.3979671875 0.9314901831629192
vt 0.4150828125 0.9314901831629192
vt 0.4147609375 0.9485495581629192
vt 0.3979671875 0.9314901831629192
vt 0.3978046875 0.9144308081629192
vt 0.41524531249999996 0.9144308081629192
vt 0.4150828125 0.9314901831629192
vt 0.3978046875 0.9144308081629192
vt 0.3978046875 0.8973714331629192
vt 0.41524531249999996 0.8973714331629192
vt 0.41524531249999996 0.9144308081629192
vt 0.3977888651271199 0.8963748544658382
vt 0.39697665997155274 0.8793340503643324
vt 0.41406434015378574 0.8783563974963131
vt 0.41520101467925474 0.8953786374389228
vt 0.39697665997155274 0.8793340503643324
vt 0.3963235696031489 0.8622841426849065
vt 0.4127685508411533 0.8613432611316236
vt 0.41406434015378574 0.8783563974963131
vt 0.3963235696031489 0.8622841426849065
vt 0.39582335422633347 0.8452254884306161
vt 0.4113198865369326 0.8443388713417987
vt 0.4127685508411533 0.8613432611316236
vt 0.39582335422633347 0.8452254884306161
vt 0.39546821409663757 0.8281585338552806
vt 0.4097261469855923 0.8273427818730188
vt 0.4113198865369326 0.8443388713417987
vt 0.39546821409663757 0.8281585338552806
vt 0.3952456696229112 0.8110839929650118
vt 0.4079998117782825 0.8103542787191722
vt 0.4097261469855923 0.8273427818730188
vt 0.16071201658639073 0.6951233390465981
vt 0.17723525879437502 0.6994551871905821
vt 0.17498606327592892 0.7102547055169844
vt 0.15810728251290418 0.7076299767005167
vt 0.17723525879437502 0.6994551871905821
vt 0.1937377931116087 0.7038864643276561
vt 0.19188555192970425 0.712780005340362
vt 0.17498606327592892 0.7102547055169844
vt 0.1937377931116087 0.7038864643276561
vt 0.21022280536743806 0.7084018736896526
vt 0.20880256264488387 0.7152211729388172
vt 0.19188555192970425 0.712780005340362
vt 0.21022280536743806 0.7084018736896526
vt 0.22669443714001322 0.7129815294779535
vt 0.2257329538433177 0.717598094110968
vt 0.20880256264488387 0.7152211729388172
vt 0.22669443714001322 0.7129815294779535
vt 0.24315746717335354 0.7176024865403071
vt 0.24267194678098641 0.719933714009066
vt 0.2257329538433177 0.717598094110968
vt 0.2431363406167559 0.7195436033468207
vt 0.24373208670448307 0.7172380799438907
vt 0.25995108013909024 0.7226587916360414
vt 0.08590318905231241 0.9169734136769144
vt 0.08566185029477005 0.9146044250389915
vt 0.10275405376070822 0.9140599583639586
vt 0.08590318905231241 0.9169734136769144
vt 0.06904994896244473 0.919863552172568
vt 0.06857202221030376 0.9151722085313269
vt 0.08566185029477005 0.9146044250389915
vt 0.06904994896244473 0.919863552172568
vt 0.052192433185927686 0.9227117203970772
vt 0.051486469812486835 0.9157819622948066
vt 0.06857202221030376 0.9151722085313269
vt 0.052192433185927686 0.9227117203970772
vt 0.0353282663412894 0.9254946015331397
vt 0.03440756848279117 0.916457003146733
vt 0.051486469812486835 0.9157819622948066
vt 0.0353282663412894 0.9254946015331397
vt 0.018455389764587563 0.9281919876724267
vt 0.01733737688515903 0.9172175389954347
vt 0.03440756848279117 0.916457003146733
vt 0.018455389764587563 0.9281919876724267
vt 0.0015722198681742822 0.9307883342700701
vt 0.0002774786072383545 0.9180791143857802
vt 0.01733737688515903 0.9172175389954347
vt 0.417578125 0.9997276831629193
vt 0.416825 0.9826683081629193
vt 0.43110625 0.9826683081629193
vt 0.430353125 0.9997276831629193
vt 0.416825 0.9826683081629193
vt 0.4162046875 0.9656089331629193
vt 0.43172656249999997 0.9656089331629193
vt 0.43110625 0.9826683081629193
vt 0.4162046875 0.9656089331629193
vt 0.4157296875 0.9485495581629192
vt 0.43220156249999997 0.9485495581629192
vt 0.43172656249999997 0.9656089331629193
vt 0.4157296875 0.9485495581629192
vt 0.41540781250000003 0.9314901831629192
vt 0.4325234375 0.9314901831629192
vt 0.43220156249999997 0.9485495581629192
vt 0.41540781250000003 0.9314901831629192
vt 0.41524531249999996 0.9144308081629192
vt 0.4326859375 0.9144308081629192
vt 0.4325234375 0.9314901831629192
vt 0.41524531249999996 0.9144308081629192
vt 0.41524531249999996 0.8973714331629192
vt 0.4326859375 0.8973714331629192
vt 0.4326859375 0.9144308081629192
vt 0.41520101467925474 0.8953786374389228
vt 0.41406434015378574 0.8783563974963131
vt 0.4311302959948708 0.8770534123195902
vt 0.4325910273776472 0.8940509105316212
vt 0.41406434015378574 0.8783563974963131
vt 0.4130865781256502 0.8613220245896698
vt 0.4295106521147609 0.860068047071593
vt 0.4311302959948708 0.8770534123195902
vt 0.4130865781256502 0.8613220245896698
vt 0.4122614967322076 0.8442759945215037
vt 0.42773832759995806 0.8430943389851184
vt 0.4295106521147609 0.860068047071593
vt 0.4122614967322076 0.8442759945215037
vt 0.4115813061451572 0.8272189020449541
vt 0.42582111227876296 0.8261316933070275
vt 0.42773832759995806 0.8430943389851184
vt 0.4115813061451572 0.8272189020449541
vt 0.41103354263921804 0.8101516987650428
vt 0.42377146987645664 0.809179158432298
vt 0.42582111227876296 0.8261316933070275
vt 0.15793310819649614 0.7088931691908537
vt 0.17489237537957253 0.7109341733601975
vt 0.17413504113312678 0.7219393958205415
vt 0.15705605935811928 0.7216380273828895
vt 0.17489237537957253 0.7109341733601975
vt 0.19184466993856691 0.7130765003992185
vt 0.19122099553221622 0.722139441388516
vt 0.17413504113312678 0.7219393958205415
vt 0.19184466993856691 0.7130765003992185
vt 0.2087910645848765 0.7153045621741205
vt 0.20831284984399048 0.7222537522206098
vt 0.19122099553221622 0.722139441388516
vt 0.2087910645848765 0.7153045621741205
vt 0.2257329538433177 0.717598094110968
vt 0.2254092095436331 0.722302592890758
vt 0.20831284984399048 0.7222537522206098
vt 0.2257329538433177 0.717598094110968
vt 0.24267194678098641 0.719933714009066
vt 0.24250846556404826 0.7223093455996559
vt 0.2254092095436331 0.722302592890758
vt 0.24286662902875017 0.721909529639374
vt 0.2431363406167559 0.7195436033468207
vt 0.25995108013909024 0.7226587916360414
vt 0.08566185029477005 0.9146044250389915
vt 0.08575192600836783 0.9122248792990824
vt 0.10275405376070822 0.9140599583639586
vt 0.08566185029477005 0.9146044250389915
vt 0.06857053340081612 0.9151254709882379
vt 0.0687489116840432 0.9104132209599927
vt 0.08575192600836783 0.9122248792990824
vt 0.06857053340081612 0.9151254709882379
vt 0.0514808123364338 0.9156043596310688
vt 0.051744301530146974 0.9086437199273187
vt 0.0687489116840432 0.9104132209599927
vt 0.0514808123364338 0.9156043596310688
vt 0.03439357367360732 0.9160176702416973
vt 0.0347372089746949 0.906939796926847
vt 0.051744301530146974 0.9086437199273187
vt 0.03439357367360732 0.9160176702416973
vt 0.017309585774723024 0.9163451048577753
vt 0.01772686565530064 0.9053217499209258
vt 0.0347372089746949 0.906939796926847
vt 0.017309585774723024 0.9163451048577753
vt 0.00022943968777038026 0.9165710496621118
vt 0.000712680523974718 0.9038051927267461
vt 0.01772686565530064 0.9053217499209258
vt 0.4366463439687724 1
vt 0.4355683851143293 0.9829580670883735
vt 0.44984704369728057 0.9826860181331961
vt 0.4494190258696706 0.9997566441731367
vt 0.4355683851143293 0.9829580670883735
vt 0.43462321466027476 0.9659136041809933
vt 0.45014227312450206 0.9656179220890093
vt 0.44984704369728057 0.9826860181331961
vt 0.43462321466027476 0.9659136041809933
vt 0.43382333033841 0.9488663731606116
vt 0.4502922164195338 0.9485525941578239
vt 0.45014227312450206 0.9656179220890093
vt 0.43382333033841 0.9488663731606116
vt 0.43317654323111077 0.9318162252039491
vt 0.4502890625 0.9314901831629192
vt 0.4502922164195338 0.9485525941578239
vt 0.43317654323111077 0.9318162252039491
vt 0.4326891022042777 0.9147630412523821
vt 0.4501265625 0.9144308081629192
vt 0.4502890625 0.9314901831629192
vt 0.4326859375 0.9144308081629192
vt 0.4326859375 0.8973714331629192
vt 0.4501265625 0.8973714331629192
vt 0.4501265625 0.9144308081629192
vt 0.4328599078184567 0.8923921555916913
vt 0.43464416594188987 0.8754255677028555
vt 0.4516822040051292 0.8770534123195902
vt 0.4502214726223528 0.8940509105316212
vt 0.43464416594188987 0.8754255677028555
vt 0.4365870766016066 0.8584741377609713
vt 0.45298428285162207 0.8600407561606077
vt 0.4516822040051292 0.8770534123195902
vt 0.4365870766016066 0.8584741377609713
vt 0.4386824181295174 0.8415372713367464
vt 0.45413393082992093 0.8430135364839659
vt 0.45298428285162207 0.8600407561606077
vt 0.4386824181295174 0.8415372713367464
vt 0.4409224134405103 0.8246142253935654
vt 0.45513892502513764 0.82597249632628
vt 0.45413393082992093 0.8430135364839659
vt 0.4409224134405103 0.8246142253935654
vt 0.44329461919840624 0.8077038110728442
vt 0.45601170877345143 0.8089188245461346
vt 0.45513892502513764 0.82597249632628
vt 0.15705555578797195 0.7229131711812735
vt 0.17413477026409885 0.7226252922402101
vt 0.17488341207719485 0.7336311094292327
vt 0.1579225381482939 0.7356587181129235
vt 0.17413477026409885 0.7226252922402101
vt 0.19122087733482224 0.7224387416443715
vt 0.1918373934114993 0.7315021724003172
vt 0.17488341207719485 0.7336311094292327
vt 0.19122087733482224 0.7224387416443715
vt 0.20831281660097342 0.7223379304175691
vt 0.20878554255037596 0.7292874960023655
vt 0.1918373934114993 0.7315021724003172
vt 0.20831281660097342 0.7223379304175691
vt 0.2254092095436331 0.722302592890758
vt 0.2257292380127441 0.7270073459044224
vt 0.20878554255037596 0.7292874960023655
vt 0.2254092095436331 0.722302592890758
vt 0.24250846556404826 0.7223093455996559
vt 0.2426700703973568 0.7246851055707706
vt 0.2257292380127441 0.7270073459044224
vt 0.24292818159523077 0.7242899839750125
vt 0.24286662902875017 0.721909529639374
vt 0.25995108013909024 0.7226587916360414
vt 0.08575192600836783 0.9122248792990824
vt 0.08617166964269496 0.909880915382137
vt 0.10275405376070822 0.9140599583639586
vt 0.08575192600836783 0.9122248792990824
vt 0.06875392959101097 0.9103667297232126
vt 0.06958515418969817 0.905724942911309
vt 0.08617166964269496 0.909880915382137
vt 0.06875392959101097 0.9103667297232126
vt 0.05176336957662449 0.9084670532275545
vt 0.05299120233373103 0.9016104973602694
vt 0.06958515418969817 0.905724942911309
vt 0.05176336957662449 0.9084670532275545
vt 0.03478437730019189 0.9065027793011143
vt 0.03638568273980998 0.8975606492400118
vt 0.05299120233373103 0.9016104973602694
vt 0.03478437730019189 0.9065027793011143
vt 0.017820533252032256 0.9044539135010312
vt 0.019765014917615967 0.8935953929933972
vt 0.03638568273980998 0.8975606492400118
vt 0.017820533252032256 0.9044539135010312
vt 0.0008745916554679378 0.9023050754866426
vt 0.0031264446438266508 0.8897301089610881
vt 0.019765014917615967 0.8935953929933972
vt 0.452459375 0.9997276831629193
vt 0.45170625 0.9826683081629193
vt 0.4659875 0.9826683081629193
vt 0.465234375 0.9997276831629193
vt 0.45170625 0.9826683081629193
vt 0.45108593750000003 0.9656089331629193
vt 0.4666078125 0.9656089331629193
vt 0.4659875 0.9826683081629193
vt 0.45108593750000003 0.9656089331629193
vt 0.45061093750000003 0.9485495581629192
vt 0.4670828125 0.9485495581629192
vt 0.4666078125 0.9656089331629193
vt 0.45061093750000003 0.9485495581629192
vt 0.4502890625 0.9314901831629192
vt 0.46740468749999997 0.9314901831629192
vt 0.4670828125 0.9485495581629192
vt 0.4502890625 0.9314901831629192
vt 0.4501265625 0.9144308081629192
vt 0.46756718750000004 0.9144308081629192
vt 0.46740468749999997 0.9314901831629192
vt 0.4501265625 0.9144308081629192
vt 0.4501265625 0.8973714331629192
vt 0.46756718750000004 0.8973714331629192
vt 0.46756718750000004 0.9144308081629192
vt 0.4502214726223528 0.8940509105316212
vt 0.4516822040051292 0.8770534123195902
vt 0.46874815984621426 0.8783563974963131
vt 0.46761148532074526 0.8953786374389228
vt 0.4516822040051292 0.8770534123195902
vt 0.4533018478852391 0.860068047071593
vt 0.4697259218743498 0.8613220245896698
vt 0.46874815984621426 0.8783563974963131
vt 0.4533018478852391 0.860068047071593
vt 0.45507417240004194 0.8430943389851184
vt 0.4705510032677924 0.8442759945215037
vt 0.4697259218743498 0.8613220245896698
vt 0.45507417240004194 0.8430943389851184
vt 0.45699138772123704 0.8261316933070275
vt 0.4712311938548428 0.8272189020449541
vt 0.4705510032677924 0.8442759945215037
vt 0.45699138772123704 0.8261316933070275
vt 0.45904103012354336 0.809179158432298
vt 0.471778957360782 0.8101516987650428
vt 0.4712311938548428 0.8272189020449541
vt 0.15809571470967632 0.7369220477764427
vt 0.17497656328380642 0.7343106510575316
vt 0.17721722837379095 0.745111942485737
vt 0.1606905699187009 0.749430738812846
vt 0.17497656328380642 0.7343106510575316
vt 0.191878041210748 0.7317986996563022
vt 0.19372325747606955 0.7406937008409462
vt 0.17721722837379095 0.745111942485737
vt 0.191878041210748 0.7317986996563022
vt 0.20879697474391468 0.7293708942931113
vt 0.21021183097212304 0.7361913131581169
vt 0.19372325747606955 0.7406937008409462
vt 0.20879697474391468 0.7293708942931113
vt 0.22572923801274414 0.7270073459044224
vt 0.2266870747325137 0.7316246685007857
vt 0.21021183097212304 0.7361913131581169
vt 0.22572923801274414 0.7270073459044224
vt 0.2426700703973568 0.7246851055707706
vt 0.24315374937712117 0.7270167157884172
vt 0.2266870747325137 0.7316246685007857
vt 0.2433198048240124 0.726638809811293
vt 0.24292818159523077 0.7242899839750125
vt 0.25995108013909024 0.7226587916360414
vt 0.08617166964269496 0.909880915382137
vt 0.08691294245104965 0.9076179822885405
vt 0.10275405376070822 0.9140599583639586
vt 0.08617166964269496 0.909880915382137
vt 0.06959658151688992 0.9056795994367958
vt 0.07106453514918289 0.9011982791766422
vt 0.08691294245104965 0.9076179822885405
vt 0.06959658151688992 0.9056795994367958
vt 0.05303462617705969 0.9014381921571192
vt 0.05520299506134134 0.8948186673990792
vt 0.07106453514918289 0.9011982791766422
vt 0.05303462617705969 0.9014381921571192
vt 0.03649309961541246 0.8971344205795876
vt 0.039321026195316786 0.8885014199193713
vt 0.05520299506134134 0.8948186673990792
vt 0.03649309961541246 0.8971344205795876
vt 0.01997832502519535 0.8927489814691506
vt 0.02341230535786211 0.8822658399725687
vt 0.039321026195316786 0.8885014199193713
vt 0.01997832502519535 0.8927489814691506
vt 0.003495166401213834 0.8882670261834618
vt 0.007471968554171829 0.8761267762010179
vt 0.02341230535786211 0.8822658399725687
vt 0.4699 0.9997276831629193
vt 0.469146875 0.9826683081629193
vt 0.483428125 0.9826683081629193
vt 0.48267499999999997 0.9997276831629193
vt 0.469146875 0.9826683081629193
vt 0.4685265625 0.9656089331629193
vt 0.48404843750000004 0.9656089331629193
vt 0.483428125 0.9826683081629193
vt 0.4685265625 0.9656089331629193
vt 0.4680515625 0.9485495581629192
vt 0.4845234375 0.9485495581629192
vt 0.48404843750000004 0.9656089331629193
vt 0.4680515625 0.9485495581629192
vt 0.4677296875 0.9314901831629192
vt 0.4848453125 0.9314901831629192
vt 0.4845234375 0.9485495581629192
vt 0.4677296875 0.9314901831629192
vt 0.46756718750000004 0.9144308081629192
vt 0.4850078125 0.9144308081629192
vt 0.4848453125 0.9314901831629192
vt 0.46756718750000004 0.9144308081629192
vt 0.46756718750000004 0.8973714331629192
vt 0.4850078125 0.8973714331629192
vt 0.4850078125 0.9144308081629192
vt 0.46761148532074526 0.8953786374389228
vt 0.46874815984621426 0.8783563974963131
vt 0.48583584002844726 0.8793340503643324
vt 0.4850236348728801 0.8963748544658382
vt 0.46874815984621426 0.8783563974963131
vt 0.4700439491588467 0.8613432611316236
vt 0.48648893039685104 0.8622841426849065
vt 0.48583584002844726 0.8793340503643324
vt 0.4700439491588467 0.8613432611316236
vt 0.4714926134630674 0.8443388713417987
vt 0.48698914577366653 0.8452254884306161
vt 0.4864889303968511 0.8622841426849065
vt 0.4714926134630674 0.8443388713417987
vt 0.4730863530144077 0.8273427818730188
vt 0.4873442859033624 0.8281585338552806
vt 0.48698914577366653 0.8452254884306161
vt 0.4730863530144077 0.8273427818730188
vt 0.4748126882217175 0.8103542787191723
vt 0.48756683037708876 0.8110839929650118
vt 0.4873442859033624 0.8281585338552806
vt 0.16103419904019065 0.7506587090840677
vt 0.17740206555405438 0.7457724643920176
vt 0.18109299361252335 0.756167921410817
vt 0.16530856558495582 0.7626974139828927
vt 0.17740206555405438 0.7457724643920176
vt 0.1938039137001845 0.7409819285818686
vt 0.1968434400078245 0.7495427199568403
vt 0.18109299361252335 0.756167921410817
vt 0.1938039137001845 0.7409819285818686
vt 0.21023451553515538 0.7362723772102513
vt 0.2125651327142849 0.7428365340643318
vt 0.1968434400078245 0.7495427199568403
vt 0.21023451553515538 0.7362723772102513
vt 0.2266870747325137 0.7316246685007857
vt 0.2282648680583578 0.7360685055096718
vt 0.2125651327142849 0.7428365340643318
vt 0.2266870747325137 0.7316246685007857
vt 0.24315374937712117 0.7270167157884172
vt 0.2439504879551816 0.7292607209579145
vt 0.2282648680583578 0.7360685055096718
vt 0.24403390521753854 0.7289104638761685
vt 0.2433198048240124 0.726638809811293
vt 0.25995108013909024 0.7226587916360414
vt 0.08691294245104965 0.9076179822885405
vt 0.08796137129914053 0.9054799578469144
vt 0.10275405376070822 0.9140599583639586
vt 0.08691294245104965 0.9076179822885405
vt 0.0710821503229668 0.9011549626654687
vt 0.07315836965599716 0.896921000877524
vt 0.08796137129914053 0.9054799578469144
vt 0.0710821503229668 0.9011549626654687
vt 0.055269932721720205 0.8946540646566201
vt 0.05833679348601752 0.8883999222939105
vt 0.07315836965599716 0.896921000877524
vt 0.055269932721720205 0.8946540646566201
vt 0.039486608828885564 0.8880942447143408
vt 0.043486323607625936 0.8799377656437276
vt 0.05833679348601752 0.8883999222939105
vt 0.039486608828885564 0.8880942447143408
vt 0.0237411219351618 0.8814572650973309
vt 0.02859801673012345 0.8715527686682754
vt 0.043486323607625936 0.8799377656437276
vt 0.0237411219351618 0.8814572650973309
vt 0.008040351494932721 0.8747290967738213
vt 0.013664993399126274 0.8632589603993229
vt 0.02859801673012345 0.8715527686682754
vt 0.48734062499999997 0.9997276831629193
vt 0.4865875 0.9826683081629193
vt 0.50086875 0.9826683081629193
vt 0.5001156250000001 0.9997276831629193
vt 0.4865875 0.9826683081629193
vt 0.4859671875 0.9656089331629193
vt 0.5014890625 0.9656089331629193
vt 0.50086875 0.9826683081629193
vt 0.4859671875 0.9656089331629193
vt 0.4854921875 0.9485495581629192
vt 0.5019640625 0.9485495581629192
vt 0.5014890625 0.9656089331629193
vt 0.4854921875 0.9485495581629192
vt 0.4851703125 0.9314901831629192
vt 0.5022859375 0.9314901831629192
vt 0.5019640625 0.9485495581629192
vt 0.4851703125 0.9314901831629192
vt 0.4850078125 0.9144308081629192
vt 0.5024484375 0.9144308081629192
vt 0.5022859375 0.9314901831629192
vt 0.4850078125 0.9144308081629192
vt 0.4850078125 0.8973714331629192
vt 0.5024484375 0.8973714331629192
vt 0.5024484375 0.9144308081629192
vt 0.4850236348728801 0.8963748544658382
vt 0.48583584002844726 0.8793340503643324
vt 0.5029390432311107 0.8799860161218893
vt 0.5024516022042778 0.8970392000734564
vt 0.48583584002844726 0.8793340503643324
vt 0.4868073045163745 0.8622993171508375
vt 0.5032672249255837 0.8629267612823114
vt 0.5029390432311107 0.8799860161218893
vt 0.4868073045163745 0.8622993171508375
vt 0.4879317828726476 0.8452704167513139
vt 0.5034423927517109 0.8458616736287623
vt 0.5032672249255837 0.8629267612823114
vt 0.4879317828726476 0.8452704167513139
vt 0.489201468267249 0.8282470515732119
vt 0.5034723535395097 0.8287910507537914
vt 0.5034423927517109 0.8458616736287623
vt 0.489201468267249 0.8282470515732119
vt 0.4906038697721503 0.8112287454684521
vt 0.5033695982170086 0.8117153688054783
vt 0.5034723535395097 0.8287910507537914
vt 0.16581624289217572 0.7638671386136815
vt 0.18136607187068562 0.7567971131437597
vt 0.18643847336960634 0.7665929908275738
vt 0.1716904574325689 0.7752114864809427
vt 0.18136607187068562 0.7567971131437597
vt 0.19696260142956806 0.7498172763493971
vt 0.2011397887262713 0.7578843064986457
vt 0.18643847336960634 0.7665929908275738
vt 0.19696260142956806 0.7498172763493971
vt 0.21259864686415025 0.7429137530497384
vt 0.21580158820723647 0.7490993086750136
vt 0.2011397887262713 0.7578843064986457
vt 0.21259864686415025 0.7429137530497384
vt 0.2282648680583578 0.7360685055096718
vt 0.23043321192857633 0.7402560350917895
vt 0.21580158820723647 0.7490993086750137
vt 0.2282648680583578 0.7360685055096718
vt 0.2439504879551816 0.7292607209579145
vt 0.2450454369472999 0.7313752985202562
vt 0.23043321192857633 0.7402560350917895
vt 0.24505663650930923 0.7310608992430961
vt 0.24403390521753854 0.7289104638761685
vt 0.25995108013909024 0.7226587916360414
vt 0.08796137129914053 0.9054799578469144
vt 0.08929662735734005 0.9035082979316295
vt 0.10275405376070822 0.9140599583639586
vt 0.08796137129914053 0.9054799578469144
vt 0.07318183112161024 0.8968805512283419
vt 0.07582605866993451 0.8929760436008287
vt 0.08929662735734005 0.9035082979316295
vt 0.07318183112161024 0.8968805512283419
vt 0.058425947055347274 0.8882462136270182
vt 0.062331833871261635 0.8824787202527791
vt 0.07582605866993451 0.8929760436008287
vt 0.058425947055347274 0.8882462136270182
vt 0.04370686138438901 0.879557538941415
vt 0.04880081067728406 0.872035733989009
vt 0.062331833871261635 0.8824787202527791
vt 0.04370686138438901 0.879557538941415
vt 0.029035964088234542 0.8707977085502077
vt 0.035221599108502685 0.8616639034308431
vt 0.04880081067728406 0.872035733989009
vt 0.029035964088234542 0.8707977085502077
vt 0.014422016689575448 0.8619537850523774
vt 0.021585437642225924 0.8513761659793001
vt 0.035221599108502685 0.8616639034308431
vt 0.5491285151116195 0.6079342252387218
vt 0.546875 0.5910075852207515
vt 0.5611006904773882 0.5897490813454904
vt 0.5618538154773882 0.6068084563454903
vt 0.504028125 0.9826683081629193
vt 0.5034078125 0.9656089331629193
vt 0.5189296875 0.9656089331629193
vt 0.5183093750000001 0.9826683081629193
vt 0.5034078125 0.9656089331629193
vt 0.5029328125 0.9485495581629192
vt 0.5194046875 0.9485495581629192
vt 0.5189296875 0.9656089331629193
vt 0.5029328125 0.9485495581629192
vt 0.5026109375000001 0.9314901831629192
vt 0.5197265625 0.9314901831629192
vt 0.5194046875 0.9485495581629192
vt 0.5026109375000001 0.9314901831629192
vt 0.5024484375 0.9144308081629192
vt 0.5198890625 0.9144308081629192
vt 0.5197265625 0.9314901831629192
vt 0.5024484375 0.9144308081629192
vt 0.5024484375 0.8973714331629192
vt 0.5198890625 0.8973714331629192
vt 0.5198890625 0.9144308081629192
vt 0.5024516022042778 0.8970392000734564
vt 0.5029390432311107 0.8799860161218893
vt 0.5200515625 0.8803120581629192
vt 0.5198890625 0.8973714331629192
vt 0.5029390432311107 0.8799860161218893
vt 0.50358583033841 0.8629358681652268
vt 0.5200547164195338 0.8632496471680147
vt 0.5200515625 0.8803120581629192
vt 0.50358583033841 0.8629358681652268
vt 0.5043857146602747 0.8458886371448453
vt 0.519904773124502 0.8461843192368291
vt 0.5200547164195338 0.8632496471680147
vt 0.5043857146602747 0.8458886371448453
vt 0.5053308851143292 0.828844174237465
vt 0.5196095436972805 0.8291162231926423
vt 0.519904773124502 0.8461843192368291
vt 0.234375 0.9636799147792485
vt 0.2366285151116195 0.9467532747612782
vt 0.24935381547738816 0.9478790436545096
vt 0.24860069047738817 0.9649384186545097
vt 0.1723527211094652 0.7763011647740199
vt 0.1867947032202596 0.7671791258507449
vt 0.19315404147412224 0.7761928539105134
vt 0.17971730320062398 0.7867397257678822
vt 0.1867947032202596 0.7671791258507449
vt 0.20129523447928363 0.7581400745087568
vt 0.2065322305993909 0.7655629944718579
vt 0.19315404147412224 0.7761928539105134
vt 0.20129523447928363 0.7581400745087568
vt 0.21584530732527119 0.7491712434278573
vt 0.21986087813769606 0.7548629147721135
vt 0.2065322305993909 0.7655629944718579
vt 0.21584530732527119 0.7491712434278573
vt 0.23043321192857633 0.7402560350917895
vt 0.23315169391868362 0.7441092123275377
vt 0.21986087813769606 0.7548629147721135
vt 0.23043321192857633 0.7402560350917895
vt 0.2450454369472999 0.7313752985202562
vt 0.2464181892842527 0.7333210381184272
vt 0.23315169391868362 0.7441092123275377
vt 0.2463681681402713 0.7330484193922987
vt 0.24505663650930923 0.7310608992430961
vt 0.25995108013909024 0.7226587916360414
vt 0.08929662735734005 0.9035082979316295
vt 0.09089282027270183 0.9017412326415372
vt 0.10275405376070822 0.9140599583639586
vt 0.08929662735734005 0.9035082979316295
vt 0.07585491151416247 0.8929392451243978
vt 0.07901587622450489 0.8894398992940182
vt 0.09089282027270183 0.9017412326415372
vt 0.07585491151416247 0.8929392451243978
vt 0.06244147467932791 0.8823388860423418
vt 0.06711065316796491 0.8771698722213238
vt 0.07901587622450489 0.8894398992940182
vt 0.06244147467932791 0.8823388860423418
vt 0.04907202741302693 0.8716898283105587
vt 0.05516144054289134 0.8649485437983564
vt 0.06711065316796491 0.8771698722213238
vt 0.04907202741302693 0.8716898283105587
vt 0.03576018553409137 0.8609769985374667
vt 0.04315462253045235 0.852790987416698
vt 0.05516144054289134 0.8649485437983564
vt 0.03576018553409137 0.8609769985374667
vt 0.022516422749314938 0.8501888018064638
vt 0.031079725423854232 0.8407087979929504
vt 0.043154622530452345 0.852790987416698
vt 0.5618538154773882 0.6068084563454903
vt 0.5611006904773882 0.5897490813454904
vt 0.5753819404773882 0.5897490813454904
vt 0.5746288154773882 0.6068084563454903
vt 0.5611006904773882 0.5897490813454904
vt 0.5604803779773881 0.5726897063454903
vt 0.5760022529773882 0.5726897063454903
vt 0.5753819404773882 0.5897490813454904
vt 0.5604803779773881 0.5726897063454903
vt 0.5600053779773881 0.5556303313454903
vt 0.5764772529773882 0.5556303313454903
vt 0.5760022529773882 0.5726897063454903
vt 0.5203734375 0.9485495581629192
vt 0.5200515625 0.9314901831629192
vt 0.5371671874999999 0.9314901831629192
vt 0.5368453125 0.9485495581629192
vt 0.5200515625 0.9314901831629192
vt 0.5198890625 0.9144308081629192
vt 0.5373296875 0.9144308081629192
vt 0.5371671874999999 0.9314901831629192
vt 0.5198890625 0.9144308081629192
vt 0.5198890625 0.8973714331629192
vt 0.5373296875 0.8973714331629192
vt 0.5373296875 0.9144308081629192
vt 0.5198890625 0.8973714331629192
vt 0.5200515625 0.8803120581629192
vt 0.5371671874999999 0.8803120581629192
vt 0.5373296875 0.8973714331629192
vt 0.5200515625 0.8803120581629192
vt 0.5203734375 0.8632526831629193
vt 0.5368453125 0.8632526831629193
vt 0.5371671874999999 0.8803120581629192
vt 0.24750537797738817 0.9990571686545097
vt 0.24798037797738817 0.9819977936545097
vt 0.26350225297738816 0.9819977936545097
vt 0.26397725297738817 0.9990571686545097
vt 0.24798037797738817 0.9819977936545097
vt 0.24860069047738817 0.9649384186545097
vt 0.26288194047738817 0.9649384186545097
vt 0.26350225297738816 0.9819977936545097
vt 0.24860069047738817 0.9649384186545097
vt 0.24935381547738816 0.9478790436545096
vt 0.2621288154773882 0.9478790436545096
vt 0.26288194047738817 0.9649384186545097
vt 0.1805218103336951 0.7877290488864728
vt 0.1935867836972901 0.7767250081552322
vt 0.20111453678690439 0.7847885935850705
vt 0.18923950286353736 0.7970672747326992
vt 0.1935867836972901 0.7767250081552322
vt 0.2067210635695005 0.7657952072331897
vt 0.21292026420165597 0.7724356726282435
vt 0.20111453678690439 0.7847885935850705
vt 0.2067210635695005 0.7657952072331897
vt 0.21991398741053939 0.7549282246112381
vt 0.22466734764757912 0.7600199333713258
vt 0.21292026420165597 0.7724356726282435
vt 0.21991398741053939 0.7549282246112381
vt 0.23315169391868362 0.7441092123275376
vt 0.2363696484263969 0.7475562237761569
vt 0.22466734764757912 0.7600199333713258
vt 0.23315169391868362 0.7441092123275376
vt 0.2464181892842527 0.7333210381184272
vt 0.24804316034778984 0.7350616761063979
vt 0.2363696484263969 0.7475562237761569
vt 0.2479430697694669 0.7348344866981014
vt 0.2463681681402713 0.7330484193922987
vt 0.2599510801390902 0.7226587916360414
vt 0.09089282027270183 0.9017412326415372
vt 0.09271900017782365 0.9002130250258549
vt 0.10275405376070822 0.9140599583639586
vt 0.09089282027270183 0.9017412326415372
vt 0.07904956099636004 0.8894074655055756
vt 0.08266597238327451 0.8863811331012914
vt 0.09271900017782365 0.9002130250258549
vt 0.07904956099636004 0.8894074655055756
vt 0.06723865530101449 0.8770466238252417
vt 0.07258059100772911 0.8725763157211003
vt 0.08266597238327451 0.8863811331012914
vt 0.06723865530101449 0.8770466238252417
vt 0.055478077398329786 0.8646436661869954
vt 0.062444881839522876 0.8588136142988216
vt 0.07258059100772911 0.8725763157211003
vt 0.055478077398329786 0.8646436661869954
vt 0.043783404938415225 0.8521855566991017
vt 0.0522432672285465 0.8451060647261903
vt 0.06244488183952288 0.8588136142988216
vt 0.04378340493841523 0.8521855566991017
vt 0.03216662072904719 0.8396622677525338
vt 0.041963764367023565 0.8314636946122332
vt 0.0522432672285465 0.8451060647261903
vt 0.5754750344171329 0.6068320184042633
vt 0.575672340334939 0.5897571672180582
vt 0.5899314634318648 0.5905518432962287
vt 0.5882302412486937 0.6075428796313007
vt 0.575672340334939 0.5897571672180582
vt 0.5760022529773882 0.5726897063454903
vt 0.5915000788903927 0.5735534166475195
vt 0.5899314634318648 0.5905518432962287
vt 0.5760022529773882 0.5726897063454903
vt 0.5764772529773882 0.5556303313454903
vt 0.5929236069913698 0.5565469041262423
vt 0.5915000788903927 0.5735534166475195
vt 0.002217187500000009 0.6047995581629193
vt 0.0018953125000000098 0.5877401831629192
vt 0.019010937500000005 0.5877401831629192
vt 0.018689062500000006 0.6047995581629193
vt 0.0018953125000000098 0.5877401831629192
vt 0.0017328125000000139 0.5706808081629192
vt 0.0191734375 0.5706808081629192
vt 0.019010937500000005 0.5877401831629192
vt 0.0017328125000000139 0.5706808081629192
vt 0.0017328125000000139 0.5536214331629192
vt 0.0191734375 0.5536214331629192
vt 0.0191734375 0.5706808081629192
vt 0.0017328125000000139 0.5536214331629192
vt 0.0018953125000000098 0.5365620581629192
vt 0.019010937500000005 0.5365620581629192
vt 0.0191734375 0.5536214331629192
vt 0.0018953125000000098 0.5365620581629192
vt 0.002217187500000009 0.5195026831629193
vt 0.018689062500000006 0.5195026831629193
vt 0.019010937500000005 0.5365620581629192
vt 0.26397725297738817 0.9990571686545097
vt 0.26350225297738816 0.9819977936545097
vt 0.2790000788903927 0.9811340833524805
vt 0.2804236069913698 0.9981405958737576
vt 0.26350225297738816 0.9819977936545097
vt 0.26317234033493897 0.9649303327819418
vt 0.27743146343186476 0.9641356567037713
vt 0.2790000788903927 0.9811340833524805
vt 0.26317234033493897 0.9649303327819418
vt 0.2629750344171329 0.9478554815957367
vt 0.27573024124869366 0.9471446203686993
vt 0.27743146343186476 0.9641356567037713
vt 0.19017125948240343 0.7979378042056865
vt 0.20161572616624557 0.7852568490473131
vt 0.2101715958863965 0.7922200070876209
vt 0.2000795867957114 0.8060016540835274
vt 0.20161572616624554 0.7852568490473131
vt 0.21313896502173213 0.7726400022844948
vt 0.2201848328054372 0.7783742516961591
vt 0.2101715958863965 0.7922200070876209
vt 0.21313896502173213 0.7726400022844948
vt 0.22472885725322556 0.7600774010871465
vt 0.230131416348471 0.7644742507392276
vt 0.2201848328054372 0.7783742516961591
vt 0.22472885725322556 0.7600774010871465
vt 0.2363696484263969 0.7475562237761569
vt 0.24002710094982688 0.7505328258959373
vt 0.230131416348471 0.7644742507392276
vt 0.2363696484263969 0.7475562237761569
vt 0.24804316034778984 0.7350616761063979
vt 0.24989006480296122 0.7365647714114163
vt 0.24002710094982688 0.7505328258959373
vt 0.24975080436335456 0.736384469665931
vt 0.2479430697694669 0.7348344866981014
vt 0.2599510801390902 0.7226587916360414
vt 0.09271900017782365 0.9002130250258549
vt 0.09473975780270305 0.8989533067303651
vt 0.10275405376070822 0.9140599583639586
vt 0.09271900017782365 0.9002130250258549
vt 0.08270383594164067 0.8863536928856304
vt 0.0867055724979963 0.8838590538988926
vt 0.09473975780270305 0.8989533067303651
vt 0.08270383594164067 0.8863536928856304
vt 0.07272447252952051 0.872472042901588
vt 0.07863558636922675 0.8687871189112378
vt 0.0867055724979963 0.8838590538988926
vt 0.07272447252952051 0.872472042901588
vt 0.06280079928816472 0.8585556762716069
vt 0.07050991006969279 0.8537499005695217
vt 0.07863558636922675 0.8687871189112378
vt 0.06280079928816472 0.8585556762716069
vt 0.05295005365138136 0.8445938473671823
vt 0.06231130616558641 0.8387581445022492
vt 0.0705099100696928 0.8537499005695217
vt 0.05295005365138136 0.8445938473671823
vt 0.04318549518363813 0.8305782903202337
vt 0.054026515092439886 0.8238201165775009
vt 0.0623113061655864 0.8387581445022492
vt 0.5882302412486937 0.6075428796313007
vt 0.5899314634318648 0.5905518432962287
vt 0.6040650839995244 0.5925999817710221
vt 0.6008731823604208 0.609375
vt 0.020753124999999997 0.6389183081629193
vt 0.0201328125 0.6218589331629192
vt 0.0356546875 0.6218589331629192
vt 0.03503437499999999 0.6389183081629193
vt 0.0201328125 0.6218589331629192
vt 0.019657812499999996 0.6047995581629193
vt 0.03612968749999999 0.6047995581629193
vt 0.0356546875 0.6218589331629192
vt 0.019657812499999996 0.6047995581629193
vt 0.019335937499999997 0.5877401831629192
vt 0.03645156249999999 0.5877401831629192
vt 0.03612968749999999 0.6047995581629193
vt 0.019335937499999997 0.5877401831629192
vt 0.0191734375 0.5706808081629192
vt 0.036614062499999996 0.5706808081629192
vt 0.03645156249999999 0.5877401831629192
vt 0.0191734375 0.5706808081629192
vt 0.0191734375 0.5536214331629192
vt 0.036614062499999996 0.5536214331629192
vt 0.036614062499999996 0.5706808081629192
vt 0.0191734375 0.5536214331629192
vt 0.019010937500000005 0.5365620581629192
vt 0.036123456768889256 0.5362360161218893
vt 0.036610897795722276 0.5532892000734564
vt 0.019010937500000005 0.5365620581629192
vt 0.019007783580466203 0.5194996471680147
vt 0.035476669661590035 0.5191858681652268
vt 0.036123456768889256 0.5362360161218893
vt 0.019007783580466203 0.5194996471680147
vt 0.019157726875497966 0.5024343192368291
vt 0.03467678533972526 0.5021386371448453
vt 0.035476669661590035 0.5191858681652268
vt 0.019157726875497966 0.5024343192368291
vt 0.019452956302719482 0.48536622319264233
vt 0.03373161488567071 0.48509417423746504
vt 0.03467678533972526 0.5021386371448453
vt 0.27743146343186476 0.9641356567037713
vt 0.27573024124869366 0.9471446203686993
vt 0.2883731823604207 0.9453125
vt 0.2915650839995244 0.9620875182289778
vt 0.20112122732265367 0.806737165451741
vt 0.21073189152436056 0.792615636674435
vt 0.2201564181861476 0.7983485917382538
vt 0.21203552335477416 0.8133763496729567
vt 0.21073189152436056 0.792615636674435
vt 0.22042932544745786 0.7785468900613144
vt 0.22819054329613062 0.7832680516393657
vt 0.22015641818614756 0.7983485917382538
vt 0.22042932544745786 0.7785468900613144
vt 0.23020017990403932 0.7645228052794275
vt 0.23615124787262948 0.768142849709244
vt 0.22819054329613062 0.7832680516393657
vt 0.23020017990403932 0.7645228052794275
vt 0.24002710094982688 0.7505328258959373
vt 0.24405588585992224 0.7529835423807255
vt 0.23615124787262948 0.768142849709244
vt 0.24002710094982688 0.7505328258959373
vt 0.24989006480296122 0.7365647714114163
vt 0.2519244810398682 0.7378023101532378
vt 0.24405588585992224 0.7529835423807255
vt 0.251756320302897 0.7376683144302
vt 0.24975080436335456 0.736384469665931
vt 0.2599510801390902 0.7226587916360414
vt 0.09473975780270305 0.8989533067303651
vt 0.09691591105353412 0.8979865034456181
vt 0.10275405376070822 0.9140599583639586
vt 0.09473975780270305 0.8989533067303651
vt 0.08674688067590686 0.88383713931641
vt 0.09105634951515106 0.8819225643076395
vt 0.09691591105353412 0.8979865034456181
vt 0.08674688067590686 0.88383713931641
vt 0.07879255744528682 0.8687038434978037
vt 0.08515823408059187 0.8658757535743118
vt 0.09105634951515106 0.8819225643076395
vt 0.07879255744528682 0.8687038434978037
vt 0.07089820694205189 0.8535439034941849
vt 0.07920014591864757 0.849855587025997
vt 0.08515823408059188 0.8658757535743118
vt 0.07089820694205189 0.8535439034941849
vt 0.06308239215324983 0.8383490722959064
vt 0.07316352204227038 0.8338703116723414
vt 0.07920014591864756 0.849855587025997
vt 0.06308239215324983 0.8383490722959064
vt 0.05535939229968663 0.8231130060493941
vt 0.06703408323065434 0.81792627136692
vt 0.07316352204227038 0.8338703116723414
vt 0.038946875 0.6559776831629192
vt 0.03819375 0.6389183081629193
vt 0.052474999999999994 0.6389183081629193
vt 0.051721874999999994 0.6559776831629192
vt 0.03819375 0.6389183081629193
vt 0.037573437499999994 0.6218589331629192
vt 0.0530953125 0.6218589331629192
vt 0.052474999999999994 0.6389183081629193
vt 0.037573437499999994 0.6218589331629192
vt 0.0370984375 0.6047995581629193
vt 0.053570312499999995 0.6047995581629193
vt 0.0530953125 0.6218589331629192
vt 0.0370984375 0.6047995581629193
vt 0.0367765625 0.5877401831629192
vt 0.053892187499999994 0.5877401831629192
vt 0.053570312499999995 0.6047995581629193
vt 0.0367765625 0.5877401831629192
vt 0.036614062499999996 0.5706808081629192
vt 0.0540546875 0.5706808081629192
vt 0.053892187499999994 0.5877401831629192
vt 0.036614062499999996 0.5706808081629192
vt 0.036614062499999996 0.5536214331629192
vt 0.0540546875 0.5536214331629192
vt 0.0540546875 0.5706808081629192
vt 0.036610897795722276 0.5532892000734564
vt 0.036123456768889256 0.5362360161218893
vt 0.05322665997155273 0.5355840503643325
vt 0.05403886512711992 0.5526248544658382
vt 0.036123456768889256 0.5362360161218893
vt 0.03579527507441625 0.5191767612823114
vt 0.05225519548362552 0.5185493171508375
vt 0.05322665997155273 0.5355840503643324
vt 0.03579527507441625 0.5191767612823114
vt 0.035620107248289144 0.5021116736287623
vt 0.05113071712735241 0.5015204167513139
vt 0.052255195483625526 0.5185493171508375
vt 0.035620107248289144 0.5021116736287623
vt 0.035590146460490295 0.48504105075379145
vt 0.049861031732751034 0.48449705157321177
vt 0.05113071712735241 0.5015204167513139
vt 0.035590146460490295 0.48504105075379145
vt 0.03569290178299145 0.46796536880547834
vt 0.04845863022784963 0.46747874546845214
vt 0.049861031732751034 0.48449705157321177
vt 0.21316763425501434 0.8139631348718989
vt 0.22076537759458972 0.798664221918614
vt 0.23088291194917207 0.803060126279078
vt 0.22488448423845134 0.8190539158989744
vt 0.22076537759458972 0.798664221918614
vt 0.2284562710379963 0.7834057811726138
vt 0.23678818955606168 0.7870258644518968
vt 0.23088291194917204 0.803060126279078
vt 0.2284562710379963 0.7834057811726138
vt 0.2362259838000292 0.7681815861404699
vt 0.24261464784432496 0.7709573569108592
vt 0.23678818955606168 0.7870258644518968
vt 0.2362259838000292 0.7681815861404699
vt 0.24405588585992224 0.7529835423807255
vt 0.24838091683472813 0.7548626980974225
vt 0.24261464784432496 0.7709573569108592
vt 0.24405588585992224 0.7529835423807255
vt 0.2519244810398682 0.7378023101532378
vt 0.25410849270507835 0.7387512277517289
vt 0.24838091683472813 0.7548626980974225
vt 0.2539207310275761 0.7386611274928628
vt 0.251756320302897 0.7376683144302
vt 0.2599510801390902 0.7226587916360414
vt 0.09691591105353412 0.8979865034456181
vt 0.0992052647458176 0.8973313612975862
vt 0.10275405376070822 0.9140599583639586
vt 0.09691591105353412 0.8979865034456181
vt 0.09110030135514234 0.8819066002777893
vt 0.09563394272214468 0.8806092124807023
vt 0.0992052647458176 0.8973313612975862
vt 0.09110030135514234 0.8819066002777893
vt 0.08532525107255874 0.8658150902608811
vt 0.09202206128266359 0.8638986705128978
vt 0.09563394272214468 0.8806092124807023
vt 0.08532525107255874 0.8658150902608811
vt 0.07961329321456563 0.8497055251454051
vt 0.088347087418592 0.8472061836436611
vt 0.09202206128266359 0.8638986705128978
vt 0.07961329321456563 0.8497055251454051
vt 0.07398395638877435 0.8335723164484713
vt 0.08458949252231858 0.8305373403558821
vt 0.088347087418592 0.8472061836436611
vt 0.07398395638877435 0.8335723164484713
vt 0.06845226260103979 0.8174111653370872
vt 0.08073425458798845 0.8138964394825534
vt 0.08458949252231858 0.8305373403558821
vt 0.0563875 0.6559776831629192
vt 0.055634375 0.6389183081629193
vt 0.069915625 0.6389183081629193
vt 0.0691625 0.6559776831629192
vt 0.055634375 0.6389183081629193
vt 0.055014062499999995 0.6218589331629192
vt 0.07053593749999999 0.6218589331629192
vt 0.069915625 0.6389183081629193
vt 0.055014062499999995 0.6218589331629192
vt 0.0545390625 0.6047995581629193
vt 0.0710109375 0.6047995581629193
vt 0.07053593749999999 0.6218589331629192
vt 0.0545390625 0.6047995581629193
vt 0.0542171875 0.5877401831629192
vt 0.0713328125 0.5877401831629192
vt 0.0710109375 0.6047995581629193
vt 0.0542171875 0.5877401831629192
vt 0.0540546875 0.5706808081629192
vt 0.07149531249999999 0.5706808081629192
vt 0.0713328125 0.5877401831629192
vt 0.0540546875 0.5706808081629192
vt 0.0540546875 0.5536214331629192
vt 0.07149531249999999 0.5536214331629192
vt 0.07149531249999999 0.5706808081629192
vt 0.05403886512711992 0.5526248544658382
vt 0.05322665997155273 0.5355840503643325
vt 0.07031434015378574 0.5346063974963131
vt 0.07145101467925474 0.5516286374389228
vt 0.05322665997155273 0.5355840503643324
vt 0.05257356960314893 0.5185341426849065
vt 0.06901855084115334 0.5175932611316236
vt 0.07031434015378574 0.5346063974963131
vt 0.05257356960314893 0.5185341426849065
vt 0.052073354226333475 0.5014754884306161
vt 0.06756988653693258 0.5005888713417987
vt 0.06901855084115334 0.5175932611316236
vt 0.052073354226333475 0.5014754884306161
vt 0.05171821409663759 0.4844085338552806
vt 0.06597614698559229 0.4835927818730188
vt 0.06756988653693259 0.5005888713417987
vt 0.05171821409663759 0.4844085338552806
vt 0.051495669622911196 0.46733399296501177
vt 0.06424981177828247 0.4666042787191722
vt 0.06597614698559227 0.4835927818730188
vt 0.22608596583914967 0.8194810387423386
vt 0.2315291856708191 0.8032898745077823
vt 0.24215116256545455 0.8062667996684693
vt 0.2383869974383762 0.8229285373420235
vt 0.2315291856708191 0.8032898745077823
vt 0.23707019990732586 0.7871261182244224
vt 0.24581753328769562 0.7895776540437189
vt 0.24215116256545455 0.8062667996684693
vt 0.23707019990732586 0.7871261182244224
vt 0.242693963255618 0.7709855532843821
vt 0.24940115489815126 0.7728653170756488
vt 0.24581753328769562 0.7895776540437189
vt 0.242693963255618 0.7709855532843821
vt 0.24838091683472813 0.7548626980974225
vt 0.252921586277789 0.7561352703544979
vt 0.24940115489815126 0.7728653170756488
vt 0.24838091683472813 0.7548626980974225
vt 0.25410849270507835 0.7387512277517289
vt 0.2564013953661866 0.7393938387920811
vt 0.252921586277789 0.7561352703544979
vt 0.25620206903817044 0.7393436584034576
vt 0.2539207310275761 0.7386611274928628
vt 0.2599510801390902 0.7226587916360414
vt 0.0992052647458176 0.8973313612975862
vt 0.10156342876070822 0.8970005833639585
vt 0.10275405376070822 0.9140599583639586
vt 0.0992052647458176 0.8973313612975862
vt 0.09567968600666411 0.8805995085428907
vt 0.10034959348497112 0.8799444640522817
vt 0.10156342876070822 0.8970005833639585
vt 0.09567968600666411 0.8805995085428907
vt 0.09219588576383743 0.8638617955492136
vt 0.09909397971290722 0.8628942049795864
vt 0.10034959348497112 0.8799444640522817
vt 0.09219588576383743 0.8638617955492136
vt 0.08877707429307466 0.8471149666282319
vt 0.0977733771687794 0.8458530618341957
vt 0.09909397971290722 0.8628942049795864
vt 0.08877707429307466 0.8471149666282319
vt 0.08544336716668129 0.8303562001833988
vt 0.09636767028028216 0.8288238562126565
vt 0.0977733771687794 0.8458530618341957
vt 0.08544336716668129 0.8303562001833988
vt 0.08221023790181538 0.8135833257558323
vt 0.09486138553025743 0.8118087585738508
vt 0.09636767028028216 0.8288238562126565
vt 0.073828125 0.6559776831629192
vt 0.073075 0.6389183081629193
vt 0.08735625 0.6389183081629193
vt 0.086603125 0.6559776831629192
vt 0.073075 0.6389183081629193
vt 0.0724546875 0.6218589331629192
vt 0.0879765625 0.6218589331629192
vt 0.08735625 0.6389183081629193
vt 0.0724546875 0.6218589331629192
vt 0.0719796875 0.6047995581629193
vt 0.0884515625 0.6047995581629193
vt 0.0879765625 0.6218589331629192
vt 0.0719796875 0.6047995581629193
vt 0.0716578125 0.5877401831629192
vt 0.0887734375 0.5877401831629192
vt 0.0884515625 0.6047995581629193
vt 0.0716578125 0.5877401831629192
vt 0.07149531249999999 0.5706808081629192
vt 0.0889359375 0.5706808081629192
vt 0.0887734375 0.5877401831629192
vt 0.07149531249999999 0.5706808081629192
vt 0.07149531249999999 0.5536214331629192
vt 0.0889359375 0.5536214331629192
vt 0.0889359375 0.5706808081629192
vt 0.07145101467925474 0.5516286374389228
vt 0.07031434015378574 0.5346063974963131
vt 0.0873802959948708 0.5333034123195902
vt 0.08884102737764724 0.5503009105316212
vt 0.07031434015378574 0.5346063974963131
vt 0.06933657812565018 0.5175720245896698
vt 0.08576065211476089 0.516318047071593
vt 0.0873802959948708 0.5333034123195902
vt 0.06933657812565018 0.5175720245896698
vt 0.06851149673220755 0.5005259945215037
vt 0.08398832759995806 0.49934433898511843
vt 0.08576065211476089 0.516318047071593
vt 0.06851149673220755 0.5005259945215037
vt 0.06783130614515719 0.4834689020449541
vt 0.08207111227876294 0.4823816933070275
vt 0.08398832759995806 0.49934433898511843
vt 0.06783130614515719 0.4834689020449541
vt 0.06728354263921803 0.4664016987650428
vt 0.08002146987645661 0.46542915843229804
vt 0.08207111227876294 0.4823816933070275
vt 0.2396354571729633 0.8231880373444407
vt 0.24282270569897327 0.8064063840218477
vt 0.2537511584527131 0.8079088476559422
vt 0.25229141039032543 0.824928000895766
vt 0.24282270569897327 0.8064063840218477
vt 0.24611057029141287 0.7896385635797386
vt 0.2551102904486711 0.7908758615356345
vt 0.2537511584527131 0.8079088476559422
vt 0.24611057029141287 0.7896385635797386
vt 0.24948357155544676 0.7728824478826543
vt 0.25638428577303485 0.773831170670302
vt 0.2551102904486711 0.7908758615356345
vt 0.24948357155544676 0.7728824478826543
vt 0.252921586277789 0.7561352703544979
vt 0.25759326763909024 0.7567775416360414
vt 0.25638428577303485 0.773831170670302
vt 0.252921586277789 0.7561352703544979
vt 0.2564013953661866 0.7393938387920811
vt 0.25876045513909024 0.7397181666360415
vt 0.25759326763909024 0.7567775416360414
vt 0.25855609963832976 0.7397026730215636
vt 0.25620206903817044 0.7393436584034576
vt 0.25995108013909024 0.7226587916360414
vt 0.10156342876070822 0.8970005833639585
vt 0.10394467876070822 0.8970005833639585
vt 0.10275405376070822 0.9140599583639586
vt 0.10156342876070822 0.8970005833639585
vt 0.10039624126070822 0.8799412083639585
vt 0.10511186626070822 0.8799412083639585
vt 0.10394467876070822 0.8970005833639585
vt 0.10039624126070822 0.8799412083639585
vt 0.09927124126070822 0.8628818333639585
vt 0.10623686626070822 0.8628818333639585
vt 0.10511186626070822 0.8799412083639585
vt 0.09927124126070822 0.8628818333639585
vt 0.09821186626070821 0.8458224583639585
vt 0.10729624126070822 0.8458224583639585
vt 0.10623686626070822 0.8628818333639585
vt 0.09821186626070821 0.8458224583639585
vt 0.09723842876070822 0.8287630833639585
vt 0.10826967876070821 0.8287630833639585
vt 0.10729624126070822 0.8458224583639585
vt 0.09723842876070822 0.8287630833639585
vt 0.09636655376070821 0.8117037083639586
vt 0.10914155376070822 0.8117037083639586
vt 0.10826967876070821 0.8287630833639585
vt 0.0928963439687724 0.65625
vt 0.09181838511432933 0.6392080670883735
vt 0.10609704369728055 0.6389360181331961
vt 0.10566902586967057 0.6560066441731367
vt 0.09181838511432933 0.6392080670883735
vt 0.09087321466027476 0.6221636041809933
vt 0.10639227312450206 0.6218679220890093
vt 0.10609704369728055 0.6389360181331961
vt 0.09087321466027476 0.6221636041809933
vt 0.09007333033840997 0.6051163731606116
vt 0.10654221641953382 0.6048025941578239
vt 0.10639227312450206 0.6218679220890093
vt 0.09007333033840997 0.6051163731606116
vt 0.08942654323111075 0.5880662252039491
vt 0.1065390625 0.5877401831629192
vt 0.10654221641953382 0.6048025941578239
vt 0.08942654323111075 0.5880662252039491
vt 0.08893910220427773 0.5710130412523821
vt 0.1063765625 0.5706808081629192
vt 0.1065390625 0.5877401831629192
vt 0.0889359375 0.5706808081629192
vt 0.0889359375 0.5536214331629192
vt 0.1063765625 0.5536214331629192
vt 0.1063765625 0.5706808081629192
vt 0.0891099078184567 0.5486421555916912
vt 0.09089416594188987 0.5316755677028555
vt 0.1079322040051292 0.5333034123195902
vt 0.10647147262235276 0.5503009105316212
vt 0.09089416594188987 0.5316755677028555
vt 0.09283707660160663 0.5147241377609713
vt 0.10923428285162207 0.5162907561606077
vt 0.1079322040051292 0.5333034123195902
vt 0.09283707660160663 0.5147241377609713
vt 0.09493241812951743 0.4977872713367464
vt 0.1103839308299209 0.49926353648396593
vt 0.10923428285162207 0.5162907561606077
vt 0.09493241812951743 0.4977872713367464
vt 0.09717241344051032 0.48086422539356544
vt 0.11138892502513764 0.48222249632628
vt 0.1103839308299209 0.49926353648396593
vt 0.09717241344051032 0.48086422539356544
vt 0.09954461919840624 0.46395381107284417
vt 0.1122617087734514 0.4651688245461346
vt 0.11138892502513764 0.48222249632628
vt 0.25356358013909025 0.8250150416360414
vt 0.25443545513909027 0.8079556666360415
vt 0.2654667051390902 0.8079556666360415
vt 0.26633858013909023 0.8250150416360414
vt 0.25443545513909027 0.8079556666360415
vt 0.2554088926390902 0.7908962916360415
vt 0.26449326763909026 0.7908962916360415
vt 0.2654667051390902 0.8079556666360415
vt 0.2554088926390902 0.7908962916360415
vt 0.25646826763909025 0.7738369166360415
vt 0.26343389263909023 0.7738369166360415
vt 0.26449326763909026 0.7908962916360415
vt 0.25646826763909025 0.7738369166360415
vt 0.25759326763909024 0.7567775416360415
vt 0.26230889263909024 0.7567775416360415
vt 0.26343389263909023 0.7738369166360415
vt 0.25759326763909024 0.7567775416360415
vt 0.25876045513909024 0.7397181666360415
vt 0.26114170513909024 0.7397181666360415
vt 0.26230889263909024 0.7567775416360415
vt 0.26114170513909024 0.7397181666360415
vt 0.25876045513909024 0.7397181666360415
vt 0.25995108013909024 0.7226587916360414
vn 0.009497508284959795 0.9976687691905392 0.06757828288889664
vn 0.02831560424550657 0.9790840876823229 0.2014759931194918
vn 0.04660623407413987 0.9422609221188208 0.33162058680548806
vn 0.0640286779443533 0.8878852184023752 0.4555877164095458
vn 0.08025838869137489 0.8169698930104424 0.5710681088619559
vn 0.0949930375117793 0.7308359642781241 0.675910582948625
vn 0.10795814577706854 0.6310879443260531 0.7681621217468965
vn 0.11891219805118725 0.5195839500354338 0.8461042536355736
vn 0.12765114106613115 0.39840108984624123 0.9082850641697473
vn 0.13401218484824706 0.2697967711570242 0.953546242499777
vn 0.13787683518743213 0.13616664909624662 0.9810446585108128
vn 0.13917310096006538 0 0.9902680687415704
vn 0.13787683518743163 -0.13616664909624604 0.981044658510813
vn 0.1340121848482473 -0.2697967711570241 0.953546242499777
vn 0.12765114106613124 -0.3984010898462418 0.9082850641697471
vn 0.11891219805118701 -0.5195839500354331 0.8461042536355741
vn 0.10795814577706919 -0.631087944326053 0.7681621217468966
vn 0.0949930375117792 -0.7308359642781245 0.6759105829486247
vn 0.08025838869137453 -0.8169698930104423 0.571068108861956
vn 0.0640286779443536 -0.8878852184023752 0.45558771640954593
vn 0.04660623407414014 -0.9422609221188203 0.33162058680548906
vn 0.028315604245506408 -0.9790840876823228 0.20147599311949202
vn 0.009497508284959787 -0.9976687691905392 0.06757828288889661
vn 0.018810158374408532 0.9976687691905394 0.0655988180058474
vn 0.05608007746289684 0.9790840876823229 0.19557447215582385
vn 0.09230533081583268 0.9422609221188207 0.3219069439306481
vn 0.12681111050406285 0.8878852184023753 0.442242898411374
vn 0.15895463913943725 0.8169698930104423 0.5543407044503931
vn 0.18813714360137196 0.7308359642781241 0.6561121920183935
vn 0.21381500904715825 0.6310879443260529 0.7456615508610327
vn 0.23550990542792896 0.5195839500354337 0.8213206458569662
vn 0.25281769787243136 0.39840108984624145 0.8816800912189248
vn 0.2654159749550253 0.26979677115702444 0.925615504684271
vn 0.2730700546105163 0.1361666490962461 0.9523084526291414
vn 0.2756373558169989 0 0.961261695938319
vn 0.273070054610517 -0.13616664909624548 0.9523084526291412
vn 0.2654159749550248 -0.2697967711570244 0.9256155046842711
vn 0.2528176978724313 -0.3984010898462419 0.8816800912189245
vn 0.23550990542792952 -0.5195839500354331 0.8213206458569663
vn 0.2138150090471574 -0.6310879443260533 0.7456615508610326
vn 0.1881371436013713 -0.7308359642781241 0.6561121920183938
vn 0.1589546391394374 -0.8169698930104422 0.554340704450393
vn 0.12681111050406257 -0.8878852184023752 0.44224289841137404
vn 0.09230533081583293 -0.9422609221188204 0.32190694393064895
vn 0.05608007746289698 -0.9790840876823228 0.19557447215582405
vn 0.018810158374408515 -0.9976687691905394 0.06559881800584738
vn 0.027756690127337377 0.9976687691905392 0.06234254674786385
vn 0.08275301576261472 0.9790840876823229 0.1858663165543076
vn 0.13620780928895268 0.9422609221188207 0.30592774855591975
vn 0.1871253090433102 0.8878852184023753 0.420290325439466
vn 0.23455701834487241 0.8169698930104423 0.5268236887799083
vn 0.27761937419359134 0.7308359642781237 0.6235433235870815
vn 0.3155102063771117 0.6310879443260532 0.7086475260651016
vn 0.3475236803840623 0.5195839500354341 0.7805509659451403
vn 0.37306344576551376 0.3984010898462413 0.8379142181887645
vn 0.39165374501549977 0.269796771157024 0.8796687139421173
vn 0.40294827603319056 0.13616664909624668 0.9050366459518528
vn 0.4067366430758003 0 0.9135454576426011
vn 0.40294827603319056 -0.1361666490962462 0.9050366459518531
vn 0.3916537450154998 -0.26979677115702383 0.8796687139421174
vn 0.37306344576551315 -0.39840108984624195 0.8379142181887647
vn 0.34752368038406267 -0.5195839500354336 0.7805509659451405
vn 0.3155102063771118 -0.6310879443260529 0.7086475260651018
vn 0.27761937419359173 -0.7308359642781241 0.6235433235870808
vn 0.23455701834487197 -0.8169698930104423 0.5268236887799085
vn 0.18712530904331007 -0.8878852184023752 0.42029032543946604
vn 0.1362078092889529 -0.9422609221188204 0.30592774855592064
vn 0.08275301576261467 -0.9790840876823228 0.18586631655430783
vn 0.027756690127337374 -0.9976687691905392 0.06234254674786382
vn 0.03616296947970467 0.9976687691905392 0.05787284873102902
vn 0.10781526074067345 0.9790840876823229 0.17254048452086332
vn 0.17745915768834977 0.9422609221188206 0.28399401754320663
vn 0.24379732629391382 0.8878852184023752 0.39015727935603783
vn 0.3055940119928779 0.8169698930104421 0.4890526492603875
vn 0.3616980594544905 0.730835964278124 0.5788378936321641
vn 0.4110643564274754 0.6310879443260531 0.6578404832489271
vn 0.4527733022038487 0.5195839500354343 0.724588749344756
vn 0.4860479380401499 0.39840108984624084 0.7778392980148575
vn 0.5102684204287792 0.26979677115702405 0.8166001722914118
vn 0.524983567609749 0.13616664909624684 0.840149330425038
vn 0.5299192642332049 0 0.848048096156426
vn 0.524983567609749 -0.13616664909624618 0.8401493304250384
vn 0.5102684204287792 -0.26979677115702405 0.8166001722914117
vn 0.4860479380401508 -0.39840108984624145 0.7778392980148566
vn 0.45277330220384854 -0.5195839500354337 0.7245887493447566
vn 0.4110643564274758 -0.631087944326053 0.6578404832489271
vn 0.3616980594544905 -0.7308359642781245 0.5788378936321636
vn 0.305594011992878 -0.8169698930104421 0.4890526492603874
vn 0.24379732629391412 -0.8878852184023752 0.39015727935603783
vn 0.17745915768835036 -0.9422609221188204 0.2839940175432074
vn 0.10781526074067344 -0.9790840876823228 0.17254048452086357
vn 0.03616296947970467 -0.9976687691905392 0.05787284873102899
vn 0.04386537776591756 0.9976687691905394 0.05227672154303448
vn 0.1307790043064561 0.9790840876823229 0.15585634821811262
vn 0.21525646544014315 0.9422609221188207 0.25653266601742203
vn 0.29572410590355486 0.8878852184023753 0.35243026562727203
vn 0.370682965805479 0.8169698930104423 0.44176275621215594
vn 0.43873670341355275 0.730835964278124 0.5228660424960421
vn 0.49861760635875435 0.6310879443260532 0.5942293237087705
vn 0.5492102067182335 0.5195839500354335 0.654523236945864
vn 0.58957206007217 0.3984010898462418 0.7026246206841775
vn 0.6189513014601392 0.2697967711570241 0.7376374371559813
vn 0.6368006512027412 0.13616664909624632 0.7589094638371988
vn 0.6427876096865396 0 0.7660444431189779
vn 0.6368006512027413 -0.13616664909624596 0.7589094638371988
vn 0.6189513014601389 -0.2697967711570239 0.7376374371559817
vn 0.5895720600721694 -0.39840108984624245 0.7026246206841777
vn 0.5492102067182338 -0.5195839500354333 0.6545232369458638
vn 0.4986176063587547 -0.6310879443260528 0.5942293237087707
vn 0.43873670341355225 -0.7308359642781247 0.5228660424960418
vn 0.370682965805479 -0.8169698930104422 0.44176275621215627
vn 0.29572410590355525 -0.8878852184023752 0.3524302656272719
vn 0.21525646544014385 -0.9422609221188203 0.25653266601742286
vn 0.1307790043064562 -0.9790840876823228 0.1558563482181128
vn 0.04386537776591755 -0.9976687691905394 0.052276721543034456
vn 0.05071399637004461 0.9976687691905392 0.04566308743409407
vn 0.15119728331232626 0.9790840876823229 0.13613864538126494
vn 0.24886405094274455 0.9422609221188207 0.22407819794919084
vn 0.34189495217296795 0.8878852184023752 0.30784359766155667
vn 0.42855699733430036 0.8169698930104422 0.38587445361194256
vn 0.5072358364962739 0.730835964278124 0.45671719859404225
vn 0.5764658317513801 0.6310879443260531 0.519052166308461
vn 0.6349573592761993 0.519583950035434 0.5717181742489663
vn 0.6816208325831635 0.3984010898462412 0.6137341543355415
vn 0.7155869994552461 0.2697967711570236 0.6443174283564602
vn 0.7362231344700765 0.13616664909624698 0.6628982877824888
vn 0.7431448254773946 0 0.669130606358858
vn 0.7362231344700765 -0.13616664909624604 0.662898287782489
vn 0.7155869994552463 -0.2697967711570238 0.6443174283564599
vn 0.6816208325831636 -0.3984010898462419 0.6137341543355411
vn 0.6349573592761996 -0.5195839500354336 0.5717181742489663
vn 0.57646583175138 -0.631087944326053 0.5190521663084612
vn 0.5072358364962738 -0.7308359642781243 0.45671719859404225
vn 0.4285569973343003 -0.8169698930104423 0.3858744536119424
vn 0.3418949521729676 -0.8878852184023752 0.30784359766155683
vn 0.24886405094274539 -0.9422609221188203 0.22407819794919154
vn 0.15119728331232646 -0.9790840876823228 0.13613864538126494
vn 0.050713996370044576 -0.9976687691905392 0.04566308743409409
vn 0.056575524721144514 0.9976687691905392 0.03816067326924126
vn 0.16867267918288267 0.9790840876823229 0.11377115866748472
vn 0.27762778077240763 0.9422609221188206 0.18726230264305124
vn 0.38141120209807805 0.8878852184023753 0.25726510423426174
vn 0.47808965438636863 0.8169698930104423 0.3224755436978582
vn 0.5658622009938067 0.7308359642781239 0.381678873929524
vn 0.6430938054491302 0.6310879443260534 0.4337722489040448
vn 0.7083457890891449 0.5195839500354338 0.4777852676100976
vn 0.7604026309201314 0.39840108984624134 0.5128980507850167
vn 0.7982946104741052 0.26979677115702394 0.5384565137141917
vn 0.8213158718663547 0.1361666490962462 0.5539845505917197
vn 0.8290375725550415 0 0.5591929034707471
vn 0.8213158718663546 -0.13616664909624576 0.55398455059172
vn 0.7982946104741053 -0.26979677115702366 0.5384565137141912
vn 0.7604026309201309 -0.398401089846242 0.5128980507850169
vn 0.7083457890891445 -0.5195839500354338 0.47778526761009815
vn 0.6430938054491306 -0.6310879443260525 0.4337722489040453
vn 0.5658622009938062 -0.7308359642781246 0.3816788739295238
vn 0.47808965438636847 -0.8169698930104423 0.32247554369785836
vn 0.3814112020980782 -0.8878852184023753 0.25726510423426185
vn 0.2776277807724085 -0.9422609221188205 0.18726230264305171
vn 0.16867267918288292 -0.9790840876823228 0.11377115866748487
vn 0.05657552472114447 -0.9976687691905392 0.03816067326924126
vn 0.06133587483725295 0.9976687691905394 0.02991550500632507
vn 0.18286505321547317 0.9790840876823229 0.08918924576301673
vn 0.3009878016462559 0.9422609221188207 0.14680155962367647
vn 0.4135037168231613 0.8878852184023752 0.20167923818776556
vn 0.5183168401347282 0.8169698930104424 0.25280001413618874
vn 0.6134747014077093 0.7308359642781238 0.2992116041372508
vn 0.6972046897321746 0.6310879443260531 0.340049448083332
vn 0.7679470738488632 0.5195839500354339 0.37455281420988484
vn 0.8243840569914118 0.3984010898462412 0.40207897008884763
vn 0.8654643249467465 0.2697967711570244 0.4221151555176822
vn 0.8904226300497121 0.1361666490962462 0.4342881342717685
vn 0.8987940462991671 0 0.4383711467890775
vn 0.8904226300497122 -0.1361666490962455 0.43428813427176827
vn 0.8654643249467464 -0.26979677115702433 0.42211515551768214
vn 0.8243840569914114 -0.3984010898462418 0.4020789700888478
vn 0.7679470738488634 -0.5195839500354333 0.37455281420988507
vn 0.6972046897321751 -0.6310879443260529 0.3400494480833316
vn 0.6134747014077087 -0.7308359642781244 0.2992116041372508
vn 0.5183168401347283 -0.8169698930104422 0.2528000141361887
vn 0.4135037168231612 -0.8878852184023752 0.20167923818776526
vn 0.3009878016462569 -0.9422609221188205 0.14680155962367675
vn 0.18286505321547342 -0.9790840876823228 0.0891892457630169
vn 0.06133587483725292 -0.9976687691905392 0.02991550500632504
vn 0.06490239191817777 0.9976687691905394 0.021088065466843404
vn 0.19349816699313957 0.9790840876823229 0.06287136564103506
vn 0.31848943732960977 0.9422609221188208 0.10348349123052594
vn 0.4375478520537881 0.8878852184023752 0.14216791517667723
vn 0.5484555781665325 0.8169698930104422 0.1782040198551122
vn 0.6491466145758406 0.7308359642781237 0.21092052081860171
vn 0.7377452777881623 0.6310879443260534 0.23970797155619067
vn 0.8126011423429628 0.5195839500354339 0.26403011632858825
vn 0.8723197851163202 0.3984010898462408 0.283433879597949
vn 0.9157887607853772 0.2697967711570244 0.29755780596789494
vn 0.9421983245798812 0.13616664909624634 0.30613879341364886
vn 0.9510565162951535 0 0.309016994374948
vn 0.9421983245798814 -0.1361666490962457 0.30613879341364875
vn 0.9157887607853773 -0.2697967711570244 0.29755780596789466
vn 0.8723197851163201 -0.3984010898462414 0.28343387959794897
vn 0.8126011423429632 -0.5195839500354332 0.2640301163285881
vn 0.7377452777881623 -0.6310879443260533 0.2397079715561909
vn 0.6491466145758406 -0.730835964278124 0.2109205208186011
vn 0.5484555781665325 -0.8169698930104422 0.17820401985511242
vn 0.437547852053788 -0.8878852184023752 0.14216791517667746
vn 0.3184894373296106 -0.9422609221188205 0.10348349123052665
vn 0.19349816699313976 -0.9790840876823229 0.06287136564103524
vn 0.06490239191817776 -0.9976687691905394 0.021088065466843383
vn 0.06720565776579189 0.9976687691905392 0.011850170720368399
vn 0.20036505905118715 0.9790840876823229 0.035329765901969165
vn 0.329792038391708 0.9422609221188208 0.0581512343913002
vn 0.45307561604749275 0.8878852184023752 0.07988945541028254
vn 0.5679192522282985 0.8169698930104423 0.10013948703162515
vn 0.6721836272845827 0.730835964278124 0.11852410948075448
vn 0.7639264931848191 0.6310879443260532 0.13470085202648455
vn 0.841438853921456 0.5195839500354342 0.14836837256276117
vn 0.9032768008729886 0.3984010898462408 0.15927207104193503
vn 0.9482884100895971 0.2697967711570247 0.16720883219192875
vn 0.9756352004568127 0.13616664909624646 0.17203080916944713
vn 0.9848077530122082 0 0.17364817766692967
vn 0.9756352004568128 -0.13616664909624585 0.1720308091694472
vn 0.9482884100895971 -0.26979677115702466 0.16720883219192892
vn 0.9032768008729882 -0.39840108984624145 0.15927207104193514
vn 0.8414388539214563 -0.5195839500354335 0.14836837256276117
vn 0.7639264931848194 -0.6310879443260532 0.1347008520264846
vn 0.6721836272845823 -0.7308359642781244 0.1185241094807546
vn 0.5679192522282983 -0.8169698930104422 0.10013948703162558
vn 0.45307561604749275 -0.8878852184023752 0.0798894554102824
vn 0.3297920383917092 -0.9422609221188205 0.058151234391299725
vn 0.20036505905118737 -0.9790840876823229 0.03532976590196888
vn 0.06720565776579186 -0.9976687691905392 0.011850170720368394
vn 0.06820084193029748 0.9976687691905392 0.0023816258801911024
vn 0.20333207314667998 0.9790840876823228 0.007100512456634415
vn 0.3346756125593954 0.9422609221188207 0.011687129920696046
vn 0.4597847785407076 0.8878852184023752 0.016056038267234177
vn 0.5763290240440156 0.8169698930104422 0.020125853000045397
vn 0.6821373502857743 0.7308359642781238 0.023820761171042065
vn 0.7752387483451401 0.6310879443260531 0.02707193363203225
vn 0.8538989153308782 0.5195839500354341 0.029818807191523185
vn 0.9166525611627961 0.39840108984624073 0.03201021279238723
vn 0.9623307041535014 0.2697967711570245 0.033605328694576414
vn 0.9900824469254438 0.13616664909624632 0.03457444090691004
vn 0.9993908270190958 0 0.03489949670250204
vn 0.990082446925444 -0.13616664909624576 0.034574440906909705
vn 0.9623307041535014 -0.26979677115702444 0.03360532869457678
vn 0.916652561162796 -0.39840108984624134 0.03201021279238633
vn 0.8538989153308785 -0.5195839500354337 0.02981880719152354
vn 0.77523874834514 -0.6310879443260532 0.027071933632032776
vn 0.6821373502857739 -0.7308359642781243 0.023820761171041607
vn 0.5763290240440156 -0.8169698930104422 0.0201258530000448
vn 0.4597847785407077 -0.8878852184023752 0.016056038267234247
vn 0.3346756125593962 -0.9422609221188204 0.01168712992069668
vn 0.20333207314668025 -0.9790840876823228 0.00710051245663455
vn 0.06820084193029745 -0.9976687691905392 0.0023816258801911006
vn 0.06786857428393772 0.9976687691905392 -0.007133274598685043
vn 0.2023414597251779 0.9790840876823229 -0.02126694438695555
vn 0.33304510661648096 0.9422609221188207 -0.0350044512399009
vn 0.4575447533170618 0.8878852184023752 -0.048089891397212134
vn 0.5735212069712637 0.8169698930104423 -0.060279507867362664
vn 0.6788140456833883 0.7308359642781241 -0.07134623115915273
vn 0.7714618630899294 0.6310879443260529 -0.0810839091567009
vn 0.8497388056490052 0.5195839500354339 -0.08931114734330797
vn 0.9121867220264039 0.39840108984624145 -0.0958746878380899
vn 0.9576423256960097 0.26979677115702416 -0.10065226430032365
vn 0.9852588647667626 0.1361666490962467 -0.1035548795200401
vn 0.9945218953682733 0 -0.10452846326765447
vn 0.9852588647667626 -0.13616664909624612 -0.10355487952003982
vn 0.9576423256960097 -0.2697967711570241 -0.10065226430032358
vn 0.9121867220264037 -0.39840108984624206 -0.09587468783808932
vn 0.8497388056490056 -0.5195839500354333 -0.08931114734330795
vn 0.7714618630899294 -0.6310879443260528 -0.08108390915670119
vn 0.6788140456833881 -0.7308359642781245 -0.0713462311591526
vn 0.5735212069712639 -0.8169698930104424 -0.06027950786736216
vn 0.45754475331706185 -0.8878852184023753 -0.04808989139721257
vn 0.3330451066164819 -0.9422609221188203 -0.03500445123990161
vn 0.2023414597251781 -0.9790840876823229 -0.021266944386955554
vn 0.0678685742839377 -0.9976687691905392 -0.007133274598685037
vn 0.06621532203850015 0.9976687691905392 -0.01650933400147728
vn 0.19741249995012428 0.9790840876823229 -0.04922046434884409
vn 0.3249322565064705 0.9422609221188208 -0.08101471057408641
vn 0.44639913991954205 0.8878852184023752 -0.11129980602705294
vn 0.5595504519755206 0.8169698930104422 -0.13951159668105512
vn 0.6622783978213083 0.730835964278124 -0.16512455025496842
vn 0.7526693501945355 0.6310879443260531 -0.18766154588527814
vn 0.8290394966787397 0.5195839500354338 -0.20670276198502513
vn 0.889966205942786 0.39840108984624095 -0.22189349672563674
vn 0.9343145286708455 0.26979677115702405 -0.23295077546086881
vn 0.9612583395207446 0.1361666490962464 -0.23966862200905856
vn 0.9702957262759967 0 -0.24192189559966704
vn 0.9612583395207446 -0.13616664909624585 -0.23966862200905853
vn 0.9343145286708456 -0.269796771157024 -0.23295077546086865
vn 0.8899662059427857 -0.3984010898462416 -0.22189349672563682
vn 0.8290394966787399 -0.5195839500354332 -0.20670276198502582
vn 0.7526693501945356 -0.631087944326053 -0.18766154588527817
vn 0.662278397821308 -0.7308359642781245 -0.16512455025496778
vn 0.5595504519755204 -0.8169698930104423 -0.13951159668105542
vn 0.44639913991954205 -0.8878852184023753 -0.11129980602705247
vn 0.3249322565064716 -0.9422609221188205 -0.08101471057408612
vn 0.19741249995012458 -0.9790840876823228 -0.04922046434884393
vn 0.06621532203850014 -0.9976687691905392 -0.016509334001477263
vn 0.06327326386839564 0.9976687691905392 -0.025564057997019905
vn 0.188641130416932 0.9790840876823229 -0.07621596395963057
vn 0.3104949696285253 0.9422609221188208 -0.12544811071981482
vn 0.4265648750349842 0.8878852184023753 -0.17234339653422995
vn 0.5346886839112786 0.8169698930104423 -0.21602825095744174
vn 0.6328522542761488 0.7308359642781238 -0.2556889078064631
vn 0.7192269845463015 0.6310879443260531 -0.29058656408504274
vn 0.792203876924072 0.5195839500354344 -0.3200711424856123
vn 0.8504235099820457 0.39840108984624106 -0.3435934010995334
vn 0.8928013621121274 0.2697967711570239 -0.3607151647546503
vn 0.9185480141111095 0.13616664909624637 -0.37111748738969036
vn 0.9271838545667873 0 -0.3746065934159124
vn 0.9185480141111095 -0.13616664909624585 -0.3711174873896902
vn 0.8928013621121274 -0.26979677115702383 -0.36071516475465065
vn 0.8504235099820455 -0.3984010898462417 -0.34359340109953307
vn 0.7922038769240725 -0.5195839500354338 -0.3200711424856119
vn 0.7192269845463017 -0.631087944326053 -0.29058656408504263
vn 0.6328522542761479 -0.7308359642781241 -0.25568890780646397
vn 0.5346886839112787 -0.8169698930104423 -0.21602825095744116
vn 0.4265648750349843 -0.8878852184023753 -0.17234339653423
vn 0.31049496962852613 -0.9422609221188205 -0.1254481107198154
vn 0.18864113041693223 -0.9790840876823228 -0.07621596395963051
vn 0.06327326386839562 -0.9976687691905392 -0.025564057997019878
vn 0.05909966358936372 0.9976687691905394 -0.034121206682335495
vn 0.1761980758562795 0.9790840876823228 -0.1017280065263172
vn 0.2900142513495541 0.9422609221188207 -0.16743980608549264
vn 0.398428010068224 0.8878852184023754 -0.2300325188655761
vn 0.4994198088140682 0.8169698930104422 -0.28834016105743315
vn 0.5911083614602723 0.7308359642781243 -0.34127657160932734
vn 0.671785683752443 0.631087944326053 -0.38785564535221
vn 0.739948909823632 0.519583950035434 -0.4272097022732447
vn 0.7943282877419106 0.39840108984624106 -0.4586056507527271
vn 0.8339108325863941 0.26979677115702416 -0.4814586436739
vn 0.857959196439682 0.1361666490962463 -0.4953429730181653
vn 0.8660254037844388 0 -0.5000000000000001
vn 0.8579591964396822 -0.13616664909624565 -0.49534297301816554
vn 0.8339108325863942 -0.2697967711570242 -0.4814586436739001
vn 0.7943282877419101 -0.3984010898462415 -0.45860565075272697
vn 0.7399489098236324 -0.5195839500354333 -0.4272097022732446
vn 0.6717856837524427 -0.6310879443260529 -0.3878556453522106
vn 0.5911083614602726 -0.7308359642781247 -0.34127657160932623
vn 0.49941980881406794 -0.8169698930104421 -0.28834016105743354
vn 0.3984280100682242 -0.8878852184023752 -0.23003251886557613
vn 0.2900142513495549 -0.9422609221188204 -0.16743980608549314
vn 0.17619807585627978 -0.9790840876823228 -0.10172800652631699
vn 0.059099663589363714 -0.9976687691905394 -0.03412120668233546
vn 0.05377575558343583 0.9976687691905392 -0.04201422489187668
vn 0.16032552617142543 0.9790840876823228 -0.12526002915986104
vn 0.2638887355543851 0.9422609221188207 -0.20617247608567316
vn 0.3625361970906301 0.8878852184023752 -0.28324431987531595
vn 0.4544302952199032 0.8169698930104423 -0.35503985790451503
vn 0.5378592167643685 0.7308359642781238 -0.42022167514216224
vn 0.611268838769233 0.6310879443260531 -0.4775755576618534
vn 0.6732916788728851 0.5195839500354339 -0.5260331111499613
vn 0.7227723689159149 0.39840108984624106 -0.564691663070214
vn 0.7587891772638801 0.2697967711570243 -0.5928310777451266
vn 0.7806711789236778 0.1361666490962467 -0.6099271711211224
vn 0.7880107536067225 0 -0.6156614753256576
vn 0.7806711789236777 -0.13616664909624576 -0.6099271711211226
vn 0.7587891772638802 -0.2697967711570245 -0.5928310777451264
vn 0.7227723689159143 -0.3984010898462415 -0.5646916630702142
vn 0.6732916788728853 -0.5195839500354331 -0.5260331111499617
vn 0.6112688387692329 -0.6310879443260531 -0.47757555766185317
vn 0.5378592167643685 -0.730835964278124 -0.42022167514216213
vn 0.4544302952199035 -0.8169698930104424 -0.35503985790451464
vn 0.3625361970906303 -0.8878852184023753 -0.283244319875316
vn 0.2638887355543859 -0.9422609221188204 -0.20617247608567382
vn 0.1603255261714255 -0.9790840876823228 -0.12526002915986115
vn 0.05377575558343577 -0.9976687691905392 -0.042014224891876686
vn 0.04740516366409162 0.9976687691905394 -0.04908948400437011
vn 0.14133242248722747 0.9790840876823229 -0.14635400780697982
vn 0.23262692569063784 0.9422609221188207 -0.24089223335656165
vn 0.31958802941547937 0.8878852184023752 -0.33094309238432096
vn 0.4005958128360836 0.8169698930104423 -0.41482910776933707
vn 0.47414125421993775 0.7308359642781239 -0.490987641763425
vn 0.5388543411473777 0.6310879443260533 -0.5580000049757542
vn 0.5935295912508111 0.5195839500354337 -0.6146178838719396
vn 0.6371485080703542 0.3984010898462414 -0.659786594493287
vn 0.6688985537158206 0.26979677115702405 -0.6926647292234014
vn 0.6881882849102273 0.13616664909624704 -0.7126398306200821
vn 0.694658370458997 0 -0.7193398003386514
vn 0.688188284910228 -0.13616664909624615 -0.7126398306200816
vn 0.6688985537158203 -0.2697967711570242 -0.6926647292234017
vn 0.6371485080703545 -0.39840108984624206 -0.6597865944932862
vn 0.593529591250811 -0.5195839500354332 -0.6146178838719402
vn 0.5388543411473781 -0.631087944326053 -0.5580000049757545
vn 0.47414125421993697 -0.7308359642781243 -0.490987641763425
vn 0.40059581283608336 -0.8169698930104423 -0.41482910776933735
vn 0.31958802941547965 -0.8878852184023752 -0.3309430923843207
vn 0.23262692569063878 -0.9422609221188203 -0.24089223335656237
vn 0.14133242248722744 -0.9790840876823228 -0.14635400780697996
vn 0.047405163664091594 -0.9976687691905394 -0.04908948400437009
vn 0.040111884156600344 0.9976687691905392 -0.05520927214917883
vn 0.11958844396256317 0.9790840876823229 -0.16459937216735224
vn 0.19683729732752842 0.9422609221188206 -0.2709232973160189
vn 0.27041944427375164 0.8878852184023752 -0.3722004340422535
vn 0.33896418862639166 0.8169698930104424 -0.4665441809125462
vn 0.401194671489797 0.730835964278124 -0.5521970924279288
vn 0.4559516567128172 0.6310879443260529 -0.6275636169084009
vn 0.5022151252649423 0.519583950035434 -0.6912398186018323
vn 0.539123276260891 0.39840108984624056 -0.7420395303506754
vn 0.5659885806805101 0.26979677115702444 -0.7790164496417943
vn 0.5823105887335727 0.13616664909624626 -0.8014817664318136
vn 0.5877852522924737 0 -0.8090169943749471
vn 0.5823105887335719 -0.13616664909624535 -0.8014817664318139
vn 0.5659885806805104 -0.2697967711570247 -0.7790164496417938
vn 0.5391232762608904 -0.3984010898462413 -0.7420395303506755
vn 0.5022151252649424 -0.5195839500354336 -0.6912398186018325
vn 0.4559516567128173 -0.6310879443260529 -0.6275636169084008
vn 0.401194671489797 -0.7308359642781243 -0.5521970924279285
vn 0.3389641886263918 -0.8169698930104424 -0.46654418091254607
vn 0.2704194442737514 -0.8878852184023753 -0.37220043404225384
vn 0.19683729732752897 -0.9422609221188205 -0.2709232973160196
vn 0.11958844396256353 -0.9790840876823229 -0.16459937216735232
vn 0.040111884156600344 -0.9976687691905392 -0.05520927214917881
vn 0.03203787245059284 0.9976687691905392 -0.06025447461122007
vn 0.09551681240600682 0.9790840876823229 -0.17964099697749772
vn 0.15721645487104566 0.9422609221188207 -0.2956811474639027
vn 0.21598745224679394 0.8878852184023752 -0.4062133176232722
vn 0.2707350120511374 0.8169698930104423 -0.5091785022604324
vn 0.32043929083128386 0.7308359642781239 -0.602658654803205
vn 0.36417439191766426 0.6310879443260531 -0.6849124168809586
vn 0.4011256131270302 0.5195839500354342 -0.7544075565362793
vn 0.4306046231226463 0.39840108984624095 -0.8098495108072432
vn 0.45206228372472246 0.26979677115702416 -0.850205500985987
vn 0.4650988793156949 0.13616664909624687 -0.8747237713319472
vn 0.46947156278589075 0 -0.8829475928589269
vn 0.4650988793156955 -0.13616664909624637 -0.8747237713319468
vn 0.4520622837247224 -0.26979677115702394 -0.850205500985987
vn 0.4306046231226462 -0.3984010898462417 -0.8098495108072431
vn 0.40112561312703027 -0.5195839500354336 -0.75440755653628
vn 0.3641743919176646 -0.6310879443260529 -0.6849124168809587
vn 0.3204392908312835 -0.7308359642781244 -0.6026586548032049
vn 0.2707350120511373 -0.8169698930104421 -0.5091785022604326
vn 0.21598745224679408 -0.8878852184023752 -0.406213317623272
vn 0.15721645487104613 -0.9422609221188204 -0.29568114746390356
vn 0.09551681240600701 -0.9790840876823229 -0.1796409969774978
vn 0.03203787245059282 -0.9976687691905392 -0.06025447461122004
vn 0.02334027999987432 0.9976687691905392 -0.06412689226340292
vn 0.0695860547447312 0.9790840876823228 -0.19118611412008174
vn 0.11453557295156488 0.9422609221188207 -0.3146839004087221
vn 0.15735151014393767 0.8878852184023752 -0.43231972103755417
vn 0.19723628642281962 0.8169698930104422 -0.5419022432437812
vn 0.23344692387102967 0.7308359642781241 -0.6413901519767967
vn 0.2653088868260655 0.6310879443260529 -0.7289301757352558
vn 0.29222864720322217 0.5195839500354343 -0.8028916095086248
vn 0.31370474080081795 0.3984010898462411 -0.8618966917261136
vn 0.3293371086294582 0.26979677115702416 -0.9048462693479113
vn 0.3388345492540714 0.1361666490962464 -0.9309402730066468
vn 0.34202014332566866 0 -0.9396926207859085
vn 0.33883454925407136 -0.13616664909624576 -0.9309402730066471
vn 0.3293371086294582 -0.26979677115702416 -0.9048462693479113
vn 0.31370474080081795 -0.3984010898462417 -0.8618966917261132
vn 0.2922286472032229 -0.5195839500354339 -0.8028916095086249
vn 0.26530888682606496 -0.6310879443260526 -0.7289301757352561
vn 0.23344692387102967 -0.7308359642781244 -0.6413901519767964
vn 0.19723628642281957 -0.8169698930104422 -0.5419022432437811
vn 0.15735151014393775 -0.8878852184023752 -0.43231972103755434
vn 0.11453557295156538 -0.9422609221188204 -0.31468390040872274
vn 0.06958605474473123 -0.9790840876823228 -0.19118611412008202
vn 0.023340279999874296 -0.9976687691905392 -0.0641268922634029
vn 0.014188395548133224 0.9976687691905394 -0.06675115290093747
vn 0.0423008836808133 0.9790840876823229 -0.19901001102229998
vn 0.06962538638686536 0.9422609221188208 -0.32756168917971695
vn 0.09565289988082044 0.8878852184023752 -0.4500115128382342
vn 0.1198985808322318 0.8169698930104423 -0.5640784734670553
vn 0.14191077807956687 0.730835964278124 -0.6676377194126442
vn 0.16127944603678232 0.6310879443260532 -0.7587601378646518
vn 0.17764378306676376 0.5195839500354339 -0.8357482905775544
vn 0.19069895253315655 0.39840108984624106 -0.8971680339334903
vn 0.20020176133013093 0.2697967711570242 -0.9418752343243546
vn 0.20597519010980495 0.13616664909624648 -0.9690370811961375
vn 0.2079116908177593 0 -0.9781476007338057
vn 0.2059751901098047 -0.13616664909624582 -0.9690370811961375
vn 0.20020176133013132 -0.26979677115702416 -0.9418752343243544
vn 0.1906989525331567 -0.3984010898462416 -0.89716803393349
vn 0.17764378306676357 -0.5195839500354332 -0.8357482905775548
vn 0.16127944603678243 -0.6310879443260531 -0.7587601378646518
vn 0.14191077807956648 -0.7308359642781244 -0.6676377194126439
vn 0.11989858083223258 -0.8169698930104422 -0.5640784734670552
vn 0.0956528998808203 -0.8878852184023753 -0.45001151283823443
vn 0.06962538638686527 -0.9422609221188204 -0.32756168917971795
vn 0.042300883680813244 -0.9790840876823229 -0.19901001102230026
vn 0.01418839554813312 -0.9976687691905394 -0.06675115290093747
vn 0.00476035011610835 0.9976687691905394 -0.06807617827556631
vn 0.01419237403259031 0.9790840876823228 -0.20296040443050137
vn 0.023360020873848003 0.9422609221188207 -0.3340638622667275
vn 0.03209251472508277 0.8878852184023752 -0.4589443424220271
vn 0.04022718574835958 0.8169698930104422 -0.5752755578340469
vn 0.047612500413901936 0.7308359642781243 -0.6808904780667744
vn 0.05411088428304421 0.631087944326053 -0.7738216969873769
vn 0.059601284759717814 0.519583950035434 -0.8523380818199822
vn 0.06398142607127999 0.3984010898462409 -0.9149770208738649
vn 0.06716971447264132 0.2697967711570239 -0.9605716692318739
vn 0.06910675818335724 0.13616664909624668 -0.9882726848634878
vn 0.0697564737441253 0 -0.9975640502598243
vn 0.0691067581833574 -0.1361666490962461 -0.9882726848634878
vn 0.06716971447264097 -0.2697967711570237 -0.9605716692318739
vn 0.06398142607127963 -0.3984010898462415 -0.9149770208738647
vn 0.059601284759718036 -0.5195839500354335 -0.8523380818199825
vn 0.054110884283044 -0.631087944326053 -0.7738216969873769
vn 0.04761250041390241 -0.7308359642781246 -0.680890478066774
vn 0.0402271857483592 -0.8169698930104422 -0.575275557834047
vn 0.03209251472508287 -0.8878852184023753 -0.4589443424220272
vn 0.023360020873847948 -0.9422609221188204 -0.3340638622667285
vn 0.014192374032590676 -0.9790840876823228 -0.2029604044305016
vn 0.004760350116108446 -0.9976687691905394 -0.0680761782755663
vn -0.004760350116108435 0.9976687691905394 -0.06807617827556631
vn -0.014192374032590604 0.9790840876823227 -0.20296040443050142
vn -0.023360020873848274 0.9422609221188208 -0.33406386226672763
vn -0.032092514725083454 0.8878852184023752 -0.45894434242202703
vn -0.04022718574835942 0.8169698930104421 -0.5752755578340467
vn -0.047612500413902664 0.7308359642781239 -0.6808904780667746
vn -0.054110884283044704 0.631087944326053 -0.7738216969873768
vn -0.05960128475971835 0.5195839500354339 -0.8523380818199823
vn -0.06398142607128056 0.39840108984624123 -0.9149770208738648
vn -0.06716971447264106 0.26979677115702416 -0.9605716692318739
vn -0.06910675818335783 0.1361666490962465 -0.9882726848634878
vn -0.06975647374412589 0 -0.9975640502598242
vn -0.06910675818335801 -0.13616664909624593 -0.9882726848634878
vn -0.06716971447264157 -0.26979677115702405 -0.9605716692318739
vn -0.06398142607128023 -0.39840108984624173 -0.9149770208738645
vn -0.05960128475971863 -0.5195839500354333 -0.8523380818199825
vn -0.05411088428304485 -0.631087944326053 -0.773821696987377
vn -0.04761250041390228 -0.7308359642781244 -0.6808904780667742
vn -0.04022718574835992 -0.8169698930104421 -0.5752755578340467
vn -0.03209251472508311 -0.8878852184023753 -0.4589443424220272
vn -0.023360020873848378 -0.9422609221188204 -0.3340638622667285
vn -0.014192374032590467 -0.9790840876823227 -0.20296040443050162
vn -0.00476035011610843 -0.9976687691905394 -0.0680761782755663
vn -0.01418839554813321 0.9976687691905394 -0.06675115290093749
vn -0.04230088368081329 0.9790840876823228 -0.19901001102229998
vn -0.06962538638686508 0.9422609221188208 -0.32756168917971695
vn -0.09565289988081971 0.8878852184023753 -0.45001151283823454
vn -0.11989858083223183 0.8169698930104423 -0.5640784734670552
vn -0.14191077807956626 0.7308359642781238 -0.6676377194126445
vn -0.16127944603678174 0.631087944326053 -0.7587601378646518
vn -0.17764378306676337 0.5195839500354342 -0.8357482905775545
vn -0.1906989525331561 0.3984010898462409 -0.8971680339334904
vn -0.2002017613301312 0.26979677115702455 -0.9418752343243543
vn -0.20597519010980467 0.13616664909624593 -0.9690370811961376
vn -0.2079116908177589 0 -0.9781476007338057
vn -0.2059751901098043 -0.13616664909624612 -0.9690370811961377
vn -0.20020176133013082 -0.2697967711570238 -0.9418752343243546
vn -0.1906989525331563 -0.3984010898462415 -0.8971680339334902
vn -0.17764378306676293 -0.5195839500354336 -0.8357482905775548
vn -0.16127944603678177 -0.631087944326053 -0.7587601378646518
vn -0.1419107780795664 -0.7308359642781243 -0.667637719412644
vn -0.1198985808322315 -0.8169698930104423 -0.5640784734670553
vn -0.09565289988081996 -0.8878852184023751 -0.4500115128382345
vn -0.06962538638686515 -0.9422609221188204 -0.32756168917971784
vn -0.0423008836808133 -0.9790840876823227 -0.19901001102230012
vn -0.014188395548133202 -0.9976687691905394 -0.06675115290093744
vn -0.023340279999874217 0.9976687691905394 -0.06412689226340298
vn -0.06958605474473084 0.9790840876823229 -0.1911861141200819
vn -0.11453557295156457 0.9422609221188207 -0.314683900408722
vn -0.1573515101439377 0.8878852184023752 -0.4323197210375543
vn -0.19723628642281907 0.8169698930104422 -0.5419022432437813
vn -0.23344692387102906 0.730835964278124 -0.6413901519767969
vn -0.2653088868260646 0.631087944326053 -0.7289301757352559
vn -0.2922286472032221 0.5195839500354337 -0.8028916095086253
vn -0.31370474080081723 0.398401089846241 -0.8618966917261137
vn -0.3293371086294574 0.26979677115702416 -0.9048462693479116
vn -0.3388345492540705 0.1361666490962464 -0.9309402730066471
vn -0.3420201433256677 0 -0.9396926207859089
vn -0.3388345492540704 -0.13616664909624585 -0.9309402730066472
vn -0.32933710862945736 -0.26979677115702405 -0.9048462693479116
vn -0.3137047408008177 -0.39840108984624173 -0.8618966917261134
vn -0.29222864720322217 -0.5195839500354332 -0.8028916095086255
vn -0.2653088868260651 -0.631087944326053 -0.7289301757352559
vn -0.23344692387102903 -0.7308359642781244 -0.6413901519767966
vn -0.1972362864228192 -0.8169698930104423 -0.5419022432437811
vn -0.15735151014393783 -0.8878852184023753 -0.43231972103755445
vn -0.11453557295156497 -0.9422609221188204 -0.31468390040872307
vn -0.06958605474473091 -0.9790840876823229 -0.1911861141200821
vn -0.023340279999874203 -0.9976687691905394 -0.06412689226340296
vn -0.03203787245059282 0.9976687691905392 -0.06025447461122007
vn -0.09551681240600679 0.9790840876823229 -0.1796409969774978
vn -0.1572164548710456 0.9422609221188207 -0.2956811474639028
vn -0.21598745224679378 0.8878852184023753 -0.40621331762327245
vn -0.27073501205113776 0.8169698930104423 -0.509178502260432
vn -0.3204392908312836 0.730835964278124 -0.6026586548032052
vn -0.36417439191766415 0.6310879443260528 -0.6849124168809589
vn -0.4011256131270296 0.5195839500354338 -0.75440755653628
vn -0.43060462312264586 0.3984010898462415 -0.8098495108072432
vn -0.452062283724722 0.26979677115702416 -0.8502055009859871
vn -0.4650988793156945 0.13616664909624643 -0.8747237713319473
vn -0.4694715627858905 0 -0.8829475928589271
vn -0.4650988793156951 -0.13616664909624573 -0.8747237713319471
vn -0.45206228372472196 -0.2697967711570242 -0.8502055009859874
vn -0.4306046231226452 -0.3984010898462422 -0.8098495108072434
vn -0.4011256131270302 -0.5195839500354331 -0.7544075565362801
vn -0.36417439191766415 -0.6310879443260532 -0.6849124168809586
vn -0.32043929083128386 -0.730835964278124 -0.6026586548032049
vn -0.27073501205113704 -0.8169698930104423 -0.5091785022604325
vn -0.21598745224679378 -0.8878852184023752 -0.40621331762327234
vn -0.15721645487104602 -0.9422609221188203 -0.2956811474639037
vn -0.09551681240600705 -0.9790840876823227 -0.17964099697749794
vn -0.0320378724505928 -0.9976687691905392 -0.06025447461122006
vn -0.04011188415660037 0.9976687691905392 -0.05520927214917881
vn -0.11958844396256331 0.9790840876823229 -0.16459937216735218
vn -0.19683729732752853 0.9422609221188207 -0.27092329731601866
vn -0.2704194442737515 0.8878852184023753 -0.37220043404225356
vn -0.33896418862639166 0.8169698930104421 -0.4665441809125464
vn -0.40119467148979765 0.7308359642781241 -0.5521970924279281
vn -0.4559516567128176 0.631087944326053 -0.6275636169084006
vn -0.5022151252649426 0.5195839500354341 -0.691239818601832
vn -0.5391232762608908 0.3984010898462409 -0.7420395303506752
vn -0.5659885806805106 0.2697967711570241 -0.7790164496417941
vn -0.582310588733573 0.1361666490962468 -0.8014817664318132
vn -0.5877852522924739 0 -0.8090169943749468
vn -0.5823105887335722 -0.13616664909624634 -0.8014817664318137
vn -0.5659885806805105 -0.2697967711570239 -0.7790164496417941
vn -0.5391232762608906 -0.3984010898462416 -0.742039530350675
vn -0.5022151252649425 -0.5195839500354335 -0.6912398186018325
vn -0.4559516567128171 -0.6310879443260532 -0.6275636169084007
vn -0.4011946714897972 -0.7308359642781244 -0.5521970924279284
vn -0.3389641886263922 -0.8169698930104421 -0.4665441809125462
vn -0.2704194442737514 -0.8878852184023752 -0.3722004340422535
vn -0.19683729732752903 -0.9422609221188204 -0.2709232973160196
vn -0.11958844396256345 -0.9790840876823229 -0.16459937216735235
vn -0.040111884156600365 -0.9976687691905392 -0.055209272149178784
vn -0.047405163664091594 0.9976687691905394 -0.04908948400437014
vn -0.14133242248722722 0.9790840876823228 -0.14635400780697994
vn -0.2326269256906376 0.9422609221188207 -0.24089223335656204
vn -0.319588029415479 0.8878852184023752 -0.3309430923843213
vn -0.4005958128360829 0.8169698930104422 -0.41482910776933757
vn -0.47414125421993636 0.7308359642781238 -0.4909876417634263
vn -0.5388543411473771 0.6310879443260532 -0.558000004975755
vn -0.5935295912508097 0.5195839500354341 -0.6146178838719407
vn -0.6371485080703537 0.3984010898462412 -0.6597865944932875
vn -0.66889855371582 0.26979677115702394 -0.6926647292234022
vn -0.6881882849102267 0.13616664909624632 -0.7126398306200831
vn -0.6946583704589961 0 -0.7193398003386522
vn -0.6881882849102272 -0.13616664909624537 -0.7126398306200825
vn -0.6688985537158199 -0.2697967711570242 -0.6926647292234022
vn -0.6371485080703534 -0.39840108984624173 -0.6597865944932876
vn -0.5935295912508106 -0.5195839500354331 -0.6146178838719406
vn -0.5388543411473775 -0.6310879443260531 -0.5580000049757549
vn -0.47414125421993614 -0.7308359642781245 -0.4909876417634256
vn -0.4005958128360829 -0.8169698930104421 -0.4148291077693378
vn -0.3195880294154791 -0.8878852184023752 -0.3309430923843212
vn -0.23262692569063828 -0.9422609221188204 -0.2408922333565625
vn -0.14133242248722724 -0.9790840876823228 -0.1463540078069801
vn -0.047405163664091574 -0.9976687691905394 -0.04908948400437011
vn -0.05377575558343576 0.9976687691905392 -0.04201422489187676
vn -0.16032552617142526 0.9790840876823229 -0.12526002915986123
vn -0.2638887355543852 0.9422609221188207 -0.20617247608567324
vn -0.36253619709063034 0.8878852184023752 -0.28324431987531573
vn -0.4544302952199033 0.8169698930104423 -0.35503985790451514
vn -0.5378592167643683 0.7308359642781241 -0.42022167514216197
vn -0.6112688387692325 0.631087944326053 -0.4775755576618538
vn -0.6732916788728848 0.519583950035434 -0.5260331111499615
vn -0.7227723689159146 0.39840108984624084 -0.5646916630702145
vn -0.7587891772638798 0.269796771157024 -0.5928310777451272
vn -0.7806711789236774 0.13616664909624704 -0.6099271711211227
vn -0.7880107536067221 0 -0.6156614753256582
vn -0.7806711789236772 -0.13616664909624612 -0.6099271711211232
vn -0.7587891772638798 -0.2697967711570242 -0.592831077745127
vn -0.7227723689159141 -0.39840108984624145 -0.5646916630702146
vn -0.6732916788728851 -0.5195839500354338 -0.5260331111499615
vn -0.6112688387692327 -0.6310879443260531 -0.4775755576618537
vn -0.537859216764368 -0.7308359642781244 -0.4202216751421623
vn -0.4544302952199034 -0.8169698930104421 -0.3550398579045149
vn -0.36253619709063 -0.8878852184023752 -0.28324431987531584
vn -0.2638887355543857 -0.9422609221188204 -0.20617247608567402
vn -0.16032552617142565 -0.9790840876823228 -0.12526002915986137
vn -0.05377575558343576 -0.9976687691905392 -0.04201422489187672
vn -0.05909966358936373 0.9976687691905394 -0.034121206682335495
vn -0.17619807585627947 0.9790840876823229 -0.10172800652631717
vn -0.29001425134955394 0.9422609221188207 -0.167439806085493
vn -0.39842801006822387 0.8878852184023752 -0.2300325188655764
vn -0.4994198088140675 0.8169698930104423 -0.2883401610574335
vn -0.5911083614602728 0.730835964278124 -0.341276571609327
vn -0.6717856837524431 0.631087944326053 -0.3878556453522099
vn -0.7399489098236322 0.519583950035434 -0.4272097022732442
vn -0.7943282877419108 0.3984010898462407 -0.45860565075272713
vn -0.833910832586394 0.2697967711570243 -0.48145864367390007
vn -0.8579591964396819 0.13616664909624662 -0.49534297301816554
vn -0.8660254037844386 0 -0.5000000000000002
vn -0.8579591964396819 -0.13616664909624573 -0.4953429730181657
vn -0.833910832586394 -0.26979677115702444 -0.4814586436739001
vn -0.7943282877419108 -0.39840108984624123 -0.4586056507527266
vn -0.7399489098236319 -0.519583950035434 -0.42720970227324484
vn -0.671785683752443 -0.6310879443260529 -0.38785564535221045
vn -0.5911083614602727 -0.7308359642781241 -0.34127657160932723
vn -0.49941980881406767 -0.8169698930104422 -0.28834016105743354
vn -0.39842801006822404 -0.8878852184023754 -0.2300325188655763
vn -0.29001425134955483 -0.9422609221188205 -0.1674398060854934
vn -0.17619807585627964 -0.9790840876823228 -0.10172800652631737
vn -0.05909966358936368 -0.9976687691905394 -0.0341212066823355
vn -0.06327326386839562 0.9976687691905392 -0.02556405799701994
vn -0.18864113041693192 0.9790840876823229 -0.0762159639596307
vn -0.31049496962852524 0.9422609221188208 -0.12544811071981493
vn -0.42656487503498414 0.8878852184023752 -0.17234339653422998
vn -0.5346886839112789 0.8169698930104423 -0.2160282509574411
vn -0.6328522542761482 0.7308359642781239 -0.2556889078064637
vn -0.7192269845463013 0.6310879443260531 -0.2905865640850435
vn -0.7922038769240722 0.5195839500354341 -0.3200711424856124
vn -0.8504235099820459 0.398401089846241 -0.3435934010995335
vn -0.8928013621121272 0.2697967711570244 -0.3607151647546503
vn -0.9185480141111095 0.13616664909624632 -0.37111748738969036
vn -0.9271838545667873 0 -0.3746065934159124
vn -0.9185480141111095 -0.13616664909624562 -0.3711174873896902
vn -0.8928013621121271 -0.26979677115702433 -0.36071516475465076
vn -0.8504235099820455 -0.3984010898462416 -0.34359340109953324
vn -0.7922038769240726 -0.5195839500354335 -0.32007114248561275
vn -0.7192269845463015 -0.631087944326053 -0.29058656408504335
vn -0.632852254276148 -0.7308359642781243 -0.2556889078064631
vn -0.5346886839112789 -0.8169698930104423 -0.21602825095744116
vn -0.4265648750349842 -0.8878852184023753 -0.17234339653423011
vn -0.31049496962852624 -0.9422609221188204 -0.12544811071981507
vn -0.1886411304169321 -0.9790840876823229 -0.076215963959631
vn -0.0632732638683956 -0.9976687691905392 -0.025564057997019923
vn -0.06621532203850017 0.9976687691905392 -0.016509334001477256
vn -0.1974124999501243 0.9790840876823229 -0.049220464348844035
vn -0.3249322565064705 0.9422609221188207 -0.08101471057408631
vn -0.4463991399195422 0.8878852184023753 -0.11129980602705311
vn -0.5595504519755203 0.8169698930104422 -0.1395115966810555
vn -0.6622783978213082 0.7308359642781241 -0.1651245502549682
vn -0.7526693501945356 0.6310879443260532 -0.18766154588527786
vn -0.8290394966787396 0.5195839500354338 -0.20670276198502566
vn -0.8899662059427857 0.3984010898462412 -0.22189349672563713
vn -0.9343145286708455 0.2697967711570239 -0.23295077546086926
vn -0.9612583395207445 0.13616664909624634 -0.23966862200905897
vn -0.9702957262759966 0 -0.2419218955996674
vn -0.9612583395207446 -0.13616664909624582 -0.239668622009059
vn -0.9343145286708456 -0.2697967711570238 -0.23295077546086906
vn -0.8899662059427855 -0.3984010898462418 -0.22189349672563732
vn -0.82903949667874 -0.5195839500354331 -0.20670276198502555
vn -0.7526693501945357 -0.631087944326053 -0.18766154588527795
vn -0.6622783978213079 -0.7308359642781244 -0.16512455025496825
vn -0.5595504519755203 -0.8169698930104422 -0.13951159668105584
vn -0.44639913991954216 -0.8878852184023753 -0.11129980602705282
vn -0.3249322565064714 -0.9422609221188204 -0.08101471057408649
vn -0.1974124999501246 -0.9790840876823228 -0.04922046434884387
vn -0.06621532203850014 -0.9976687691905392 -0.016509334001477242
vn -0.06786857428393772 0.9976687691905392 -0.007133274598685043
vn -0.20234145972517792 0.9790840876823229 -0.02126694438695555
vn -0.3330451066164809 0.9422609221188208 -0.03500445123990088
vn -0.45754475331706174 0.8878852184023752 -0.04808989139721223
vn -0.5735212069712639 0.8169698930104423 -0.060279507867362546
vn -0.6788140456833884 0.7308359642781241 -0.07134623115915273
vn -0.7714618630899293 0.6310879443260531 -0.0810839091567009
vn -0.8497388056490053 0.5195839500354339 -0.08931114734330801
vn -0.9121867220264042 0.3984010898462409 -0.09587468783808997
vn -0.9576423256960097 0.26979677115702416 -0.10065226430032367
vn -0.9852588647667626 0.13616664909624643 -0.1035548795200401
vn -0.9945218953682733 0 -0.10452846326765447
vn -0.9852588647667628 -0.13616664909624585 -0.10355487952003985
vn -0.9576423256960097 -0.269796771157024 -0.10065226430032354
vn -0.9121867220264039 -0.39840108984624156 -0.09587468783808933
vn -0.8497388056490055 -0.5195839500354332 -0.08931114734330795
vn -0.7714618630899294 -0.631087944326053 -0.08108390915670133
vn -0.6788140456833881 -0.7308359642781245 -0.0713462311591526
vn -0.573521206971264 -0.8169698930104423 -0.06027950786736233
vn -0.4575447533170615 -0.8878852184023753 -0.04808989139721264
vn -0.33304510661648185 -0.9422609221188205 -0.035004451239901604
vn -0.20234145972517825 -0.9790840876823229 -0.021266944386955564
vn -0.06786857428393771 -0.9976687691905392 -0.007133274598685038
vn -0.06820084193029749 0.9976687691905392 0.0023816258801910946
vn -0.20333207314668 0.9790840876823229 0.007100512456634478
vn -0.33467561255939543 0.9422609221188207 0.011687129920696124
vn -0.4597847785407077 0.8878852184023752 0.016056038267234042
vn -0.5763290240440153 0.8169698930104422 0.020125853000045466
vn -0.682137350285774 0.730835964278124 0.023820761171041982
vn -0.7752387483451403 0.6310879443260529 0.02707193363203206
vn -0.8538989153308784 0.5195839500354339 0.02981880719152315
vn -0.9166525611627959 0.39840108984624134 0.03201021279238711
vn -0.9623307041535014 0.26979677115702416 0.03360532869457632
vn -0.990082446925444 0.1361666490962467 0.03457444090690995
vn -0.9993908270190958 0 0.034899496702501934
vn -0.990082446925444 -0.1361666490962461 0.03457444090690961
vn -0.9623307041535015 -0.2697967711570241 0.033605328694576685
vn -0.9166525611627956 -0.39840108984624206 0.03201021279238628
vn -0.8538989153308787 -0.5195839500354332 0.029818807191523505
vn -0.7752387483451403 -0.6310879443260528 0.0270719336320327
vn -0.6821373502857736 -0.7308359642781245 0.02382076117104152
vn -0.5763290240440152 -0.8169698930104423 0.020125853000044547
vn -0.4597847785407079 -0.8878852184023753 0.0160560382672342
vn -0.3346756125593964 -0.9422609221188205 0.011687129920696818
vn -0.20333207314668023 -0.9790840876823229 0.0071005124566346925
vn -0.06820084193029746 -0.9976687691905392 0.002381625880191093
vn -0.06720565776579186 0.9976687691905392 0.011850170720368453
vn -0.20036505905118707 0.9790840876823228 0.03532976590196939
vn -0.329792038391708 0.9422609221188207 0.05815123439130023
vn -0.4530756160474927 0.8878852184023752 0.07988945541028222
vn -0.5679192522282986 0.8169698930104421 0.10013948703162483
vn -0.6721836272845829 0.7308359642781239 0.11852410948075424
vn -0.7639264931848192 0.6310879443260532 0.1347008520264845
vn -0.841438853921456 0.5195839500354342 0.1483683725627612
vn -0.9032768008729886 0.39840108984624084 0.15927207104193503
vn -0.948288410089597 0.26979677115702455 0.16720883219192875
vn -0.9756352004568126 0.13616664909624637 0.1720308091694471
vn -0.9848077530122084 0 0.17364817766692975
vn -0.9756352004568127 -0.13616664909624576 0.17203080916944716
vn -0.948288410089597 -0.26979677115702444 0.1672088321919289
vn -0.9032768008729882 -0.39840108984624134 0.1592720710419351
vn -0.8414388539214562 -0.5195839500354336 0.148368372562761
vn -0.7639264931848194 -0.6310879443260532 0.1347008520264844
vn -0.6721836272845825 -0.7308359642781241 0.11852410948075434
vn -0.5679192522282985 -0.8169698930104421 0.10013948703162535
vn -0.45307561604749275 -0.8878852184023753 0.0798894554102822
vn -0.3297920383917089 -0.9422609221188204 0.05815123439129994
vn -0.20036505905118746 -0.9790840876823229 0.03532976590196904
vn -0.06720565776579185 -0.9976687691905392 0.011850170720368444
vn -0.0649023919181778 0.9976687691905394 0.021088065466843314
vn -0.19349816699313963 0.9790840876823229 0.0628713656410351
vn -0.31848943732960966 0.9422609221188207 0.1034834912305262
vn -0.437547852053788 0.8878852184023752 0.14216791517667748
vn -0.5484555781665323 0.8169698930104421 0.17820401985511294
vn -0.6491466145758403 0.730835964278124 0.2109205208186017
vn -0.7377452777881625 0.6310879443260531 0.23970797155619075
vn -0.8126011423429627 0.519583950035434 0.26403011632858814
vn -0.8723197851163201 0.3984010898462409 0.2834338795979491
vn -0.9157887607853773 0.2697967711570246 0.2975578059678949
vn -0.9421983245798812 0.13616664909624643 0.30613879341364886
vn -0.9510565162951535 0 0.309016994374948
vn -0.9421983245798814 -0.13616664909624587 0.3061387934136488
vn -0.9157887607853773 -0.26979677115702455 0.2975578059678947
vn -0.87231978511632 -0.3984010898462415 0.2834338795979488
vn -0.8126011423429632 -0.5195839500354335 0.26403011632858814
vn -0.7377452777881625 -0.6310879443260531 0.239707971556191
vn -0.6491466145758399 -0.7308359642781244 0.21092052081860194
vn -0.5484555781665323 -0.8169698930104421 0.17820401985511275
vn -0.4375478520537881 -0.8878852184023753 0.1421679151766776
vn -0.31848943732961066 -0.9422609221188205 0.10348349123052612
vn -0.19349816699313976 -0.9790840876823229 0.06287136564103528
vn -0.06490239191817776 -0.9976687691905394 0.02108806546684339
vn -0.06133587483725293 0.9976687691905394 0.0299155050063251
vn -0.18286505321547328 0.9790840876823229 0.0891892457630168
vn -0.300987801646256 0.9422609221188207 0.1468015596236763
vn -0.4135037168231611 0.8878852184023754 0.20167923818776545
vn -0.5183168401347285 0.8169698930104421 0.2528000141361886
vn -0.613474701407709 0.730835964278124 0.29921160413725084
vn -0.6972046897321744 0.6310879443260533 0.3400494480833321
vn -0.7679470738488632 0.519583950035434 0.37455281420988507
vn -0.8243840569914119 0.39840108984624073 0.40207897008884774
vn -0.8654643249467463 0.26979677115702455 0.4221151555176824
vn -0.890422630049712 0.13616664909624626 0.4342881342717685
vn -0.8987940462991671 0 0.43837114678907757
vn -0.8904226300497122 -0.13616664909624576 0.4342881342717684
vn -0.8654643249467464 -0.26979677115702444 0.42211515551768225
vn -0.8243840569914115 -0.39840108984624134 0.4020789700888481
vn -0.7679470738488634 -0.5195839500354332 0.37455281420988523
vn -0.6972046897321746 -0.6310879443260534 0.34004944808333154
vn -0.6134747014077089 -0.7308359642781245 0.2992116041372502
vn -0.5183168401347286 -0.8169698930104421 0.25280001413618863
vn -0.4135037168231611 -0.8878852184023751 0.20167923818776531
vn -0.30098780164625677 -0.9422609221188205 0.14680155962367697
vn -0.1828650532154735 -0.9790840876823228 0.08918924576301657
vn -0.06133587483725297 -0.9976687691905394 0.029915505006325005
vn -0.05657552472114455 0.9976687691905392 0.03816067326924122
vn -0.1686726791828828 0.9790840876823228 0.1137711586674846
vn -0.27762778077240774 0.9422609221188207 0.18726230264305108
vn -0.38141120209807844 0.8878852184023753 0.2572651042342615
vn -0.4780896543863689 0.8169698930104422 0.32247554369785775
vn -0.5658622009938072 0.7308359642781239 0.38167887392952327
vn -0.6430938054491304 0.6310879443260532 0.43377224890404464
vn -0.7083457890891451 0.519583950035434 0.47778526761009704
vn -0.7604026309201316 0.3984010898462411 0.5128980507850166
vn -0.7982946104741054 0.26979677115702433 0.5384565137141909
vn -0.821315871866355 0.1361666490962462 0.5539845505917189
vn -0.8290375725550421 0 0.5591929034707465
vn -0.821315871866355 -0.13616664909624554 0.5539845505917192
vn -0.7982946104741053 -0.26979677115702433 0.538456513714191
vn -0.7604026309201313 -0.3984010898462416 0.5128980507850164
vn -0.7083457890891456 -0.5195839500354332 0.47778526761009715
vn -0.6430938054491304 -0.631087944326053 0.43377224890404514
vn -0.5658622009938067 -0.7308359642781244 0.38167887392952343
vn -0.4780896543863688 -0.8169698930104422 0.322475543697858
vn -0.38141120209807816 -0.8878852184023752 0.2572651042342616
vn -0.2776277807724086 -0.9422609221188204 0.18726230264305158
vn -0.16867267918288287 -0.9790840876823227 0.11377115866748481
vn -0.05657552472114452 -0.9976687691905392 0.0381606732692412
vn -0.05071399637004459 0.9976687691905392 0.045663087434094106
vn -0.15119728331232632 0.9790840876823229 0.13613864538126483
vn -0.24886405094274477 0.9422609221188207 0.22407819794919068
vn -0.3418949521729681 0.8878852184023752 0.30784359766155656
vn -0.4285569973343004 0.8169698930104422 0.3858744536119424
vn -0.5072358364962738 0.7308359642781241 0.45671719859404253
vn -0.5764658317513806 0.631087944326053 0.5190521663084607
vn -0.6349573592761992 0.5195839500354341 0.5717181742489662
vn -0.681620832583164 0.39840108984624095 0.6137341543355411
vn -0.7155869994552463 0.26979677115702455 0.6443174283564598
vn -0.7362231344700765 0.1361666490962462 0.6628982877824889
vn -0.7431448254773945 0 0.669130606358858
vn -0.7362231344700764 -0.13616664909624585 0.6628982877824892
vn -0.7155869994552465 -0.2697967711570242 0.6443174283564594
vn -0.6816208325831636 -0.39840108984624156 0.6137341543355412
vn -0.6349573592761997 -0.5195839500354332 0.5717181742489663
vn -0.5764658317513802 -0.6310879443260533 0.5190521663084605
vn -0.5072358364962737 -0.7308359642781243 0.4567171985940422
vn -0.4285569973343004 -0.8169698930104424 0.3858744536119425
vn -0.3418949521729681 -0.8878852184023753 0.3078435976615569
vn -0.24886405094274539 -0.9422609221188204 0.22407819794919126
vn -0.1511972833123264 -0.9790840876823229 0.13613864538126494
vn -0.05071399637004456 -0.9976687691905392 0.045663087434094085
vn -0.04386537776591764 0.9976687691905394 0.05227672154303443
vn -0.13077900430645611 0.9790840876823229 0.1558563482181126
vn -0.21525646544014324 0.9422609221188207 0.2565326660174219
vn -0.2957241059035549 0.8878852184023752 0.352430265627272
vn -0.3706829658054793 0.8169698930104423 0.4417627562121558
vn -0.43873670341355314 0.730835964278124 0.522866042496042
vn -0.49861760635875485 0.631087944326053 0.5942293237087705
vn -0.5492102067182337 0.519583950035434 0.6545232369458632
vn -0.5895720600721708 0.3984010898462413 0.7026246206841772
vn -0.6189513014601389 0.26979677115702416 0.7376374371559815
vn -0.6368006512027418 0.13616664909624637 0.7589094638371985
vn -0.6427876096865401 0 0.7660444431189773
vn -0.6368006512027418 -0.13616664909624604 0.7589094638371983
vn -0.6189513014601394 -0.26979677115702383 0.7376374371559812
vn -0.5895720600721701 -0.39840108984624184 0.7026246206841774
vn -0.5492102067182343 -0.5195839500354332 0.6545232369458636
vn -0.4986176063587547 -0.6310879443260534 0.5942293237087701
vn -0.4387367034135532 -0.7308359642781243 0.5228660424960415
vn -0.37068296580547927 -0.8169698930104423 0.4417627562121557
vn -0.29572410590355513 -0.8878852184023753 0.3524302656272721
vn -0.2152564654401439 -0.9422609221188204 0.25653266601742264
vn -0.13077900430645634 -0.9790840876823229 0.15585634821811273
vn -0.04386537776591759 -0.9976687691905394 0.05227672154303443
vn -0.03616296947970462 0.9976687691905392 0.05787284873102905
vn -0.1078152607406732 0.9790840876823229 0.17254048452086343
vn -0.17745915768834963 0.9422609221188208 0.28399401754320663
vn -0.24379732629391362 0.8878852184023752 0.39015727935603806
vn -0.3055940119928775 0.8169698930104424 0.4890526492603876
vn -0.3616980594544907 0.7308359642781238 0.5788378936321643
vn -0.41106435642747535 0.6310879443260533 0.657840483248927
vn -0.45277330220384826 0.5195839500354336 0.7245887493447568
vn -0.486047938040149 0.3984010898462418 0.7778392980148575
vn -0.5102684204287787 0.26979677115702366 0.8166001722914119
vn -0.5249835676097483 0.13616664909624682 0.8401493304250387
vn -0.5299192642332042 0 0.8480480961564266
vn -0.5249835676097482 -0.13616664909624593 0.8401493304250389
vn -0.5102684204287785 -0.26979677115702394 0.8166001722914122
vn -0.4860479380401497 -0.39840108984624234 0.7778392980148567
vn -0.45277330220384765 -0.5195839500354329 0.7245887493447577
vn -0.41106435642747513 -0.6310879443260532 0.6578404832489273
vn -0.36169805945449 -0.7308359642781243 0.5788378936321642
vn -0.3055940119928776 -0.8169698930104424 0.4890526492603875
vn -0.24379732629391365 -0.8878852184023752 0.3901572793560381
vn -0.17745915768835005 -0.9422609221188205 0.2839940175432076
vn -0.10781526074067325 -0.9790840876823228 0.17254048452086346
vn -0.03616296947970462 -0.9976687691905392 0.05787284873102902
vn -0.027756690127337395 0.9976687691905392 0.06234254674786386
vn -0.08275301576261475 0.9790840876823228 0.18586631655430758
vn -0.13620780928895265 0.9422609221188207 0.30592774855591964
vn -0.1871253090433105 0.8878852184023752 0.4202903254394658
vn -0.23455701834487244 0.8169698930104424 0.5268236887799085
vn -0.2776193741935914 0.7308359642781241 0.6235433235870811
vn -0.31551020637711186 0.6310879443260531 0.7086475260651016
vn -0.3475236803840627 0.5195839500354338 0.7805509659451404
vn -0.3730634457655144 0.3984010898462409 0.8379142181887647
vn -0.39165374501550027 0.26979677115702405 0.879668713942117
vn -0.402948276033191 0.13616664909624673 0.9050366459518525
vn -0.40673664307580076 0 0.9135454576426006
vn -0.40294827603319117 -0.13616664909624612 0.9050366459518527
vn -0.3916537450155003 -0.26979677115702405 0.8796687139421169
vn -0.3730634457655135 -0.3984010898462414 0.8379142181887648
vn -0.3475236803840636 -0.5195839500354336 0.7805509659451401
vn -0.3155102063771124 -0.6310879443260529 0.7086475260651015
vn -0.2776193741935916 -0.7308359642781243 0.6235433235870809
vn -0.23455701834487241 -0.8169698930104423 0.5268236887799083
vn -0.18712530904331057 -0.8878852184023753 0.42029032543946593
vn -0.13620780928895299 -0.9422609221188204 0.3059277485559206
vn -0.08275301576261467 -0.9790840876823227 0.18586631655430785
vn -0.02775669012733738 -0.9976687691905392 0.06234254674786383
vn -0.01881015837440869 0.9976687691905394 0.06559881800584737
vn -0.05608007746289732 0.9790840876823229 0.19557447215582377
vn -0.09230533081583295 0.9422609221188208 0.32190694393064806
vn -0.12681111050406316 0.8878852184023752 0.4422428984113739
vn -0.15895463913943775 0.8169698930104422 0.5543407044503929
vn -0.18813714360137226 0.7308359642781239 0.6561121920183935
vn -0.2138150090471587 0.6310879443260531 0.7456615508610325
vn -0.23550990542793013 0.5195839500354336 0.8213206458569658
vn -0.25281769787243236 0.3984010898462416 0.8816800912189242
vn -0.2654159749550265 0.26979677115702394 0.9256155046842708
vn -0.2730700546105174 0.13616664909624673 0.952308452629141
vn -0.2756373558170001 0 0.9612616959383187
vn -0.27307005461051814 -0.13616664909624618 0.9523084526291409
vn -0.26541597495502595 -0.26979677115702383 0.9256155046842709
vn -0.2528176978724326 -0.3984010898462422 0.8816800912189239
vn -0.23550990542793004 -0.519583950035433 0.8213206458569662
vn -0.21381500904715886 -0.631087944326053 0.7456615508610324
vn -0.1881371436013719 -0.7308359642781241 0.6561121920183934
vn -0.15895463913943766 -0.8169698930104421 0.5543407044503929
vn -0.12681111050406305 -0.8878852184023753 0.44224289841137415
vn -0.09230533081583345 -0.9422609221188205 0.3219069439306488
vn -0.05608007746289756 -0.9790840876823227 0.19557447215582396
vn -0.018810158374408678 -0.9976687691905394 0.06559881800584733
vn -0.009497508284959781 0.9976687691905392 0.06757828288889664
vn -0.02831560424550653 0.9790840876823229 0.2014759931194918
vn -0.046606234074140135 0.9422609221188206 0.33162058680548806
vn -0.06402867794435387 0.8878852184023752 0.45558771640954576
vn -0.0802583886913754 0.8169698930104423 0.5710681088619559
vn -0.09499303751177979 0.7308359642781241 0.675910582948625
vn -0.10795814577706918 0.631087944326053 0.7681621217468967
vn -0.11891219805118777 0.5195839500354338 0.8461042536355736
vn -0.12765114106613173 0.3984010898462414 0.9082850641697473
vn -0.1340121848482476 0.26979677115702455 0.9535462424997769
vn -0.1378768351874327 0.13616664909624604 0.9810446585108128
vn -0.13917310096006594 0 0.9902680687415704
vn -0.13787683518743218 -0.13616664909624548 0.981044658510813
vn -0.13401218484824784 -0.26979677115702444 0.953546242499777
vn -0.12765114106613176 -0.3984010898462419 0.9082850641697469
vn -0.11891219805118779 -0.5195839500354331 0.846104253635574
vn -0.10795814577706903 -0.6310879443260529 0.7681621217468966
vn -0.09499303751177975 -0.7308359642781245 0.6759105829486246
vn -0.08025838869137536 -0.8169698930104422 0.5710681088619559
vn -0.06402867794435385 -0.8878852184023752 0.4555877164095459
vn -0.04660623407414038 -0.9422609221188205 0.3316205868054889
vn -0.028315604245506536 -0.9790840876823228 0.20147599311949205
vn -0.00949750828495977 -0.9976687691905392 0.0675782828888966
vn 0 0.9976687691905394 0.06824241336467096
vn 0 0.9790840876823228 0.20345601305263414
vn 0 0.9422609221188208 0.33487961217098566
vn 0 0.8878852184023753 0.46006503773115237
vn 0 0.8169698930104423 0.5766803221148668
vn 0 0.7308359642781241 0.682553143218654
vn 0 0.631087944326053 0.7757112907044197
vn 0 0.5195839500354338 0.8544194045464886
vn 0 0.39840108984624123 0.9172113015054532
vn 0 0.2697967711570243 0.9629172873477994
vn 0 0.13616664909624665 0.9906859460363308
vn 0 0 1
vn 0 -0.13616664909624604 0.9906859460363309
vn 0 -0.26979677115702416 0.9629172873477995
vn 0 -0.3984010898462418 0.9172113015054529
vn 0 -0.5195839500354331 0.8544194045464888
vn 0 -0.631087944326053 0.7757112907044197
vn 0 -0.7308359642781245 0.6825531432186537
vn 0 -0.8169698930104423 0.5766803221148669
vn 0 -0.8878852184023753 0.46006503773115237
vn 0 -0.9422609221188205 0.33487961217098666
vn 0 -0.9790840876823229 0.20345601305263444
vn 0 -0.9976687691905394 0.06824241336467093
usemtl m_95fb672b-4a8e-56ea-77a3-8b337aa15cc9
f 3/1/1 25/2/1 2/3/1
f 3/4/2 4/5/2 26/6/2 25/7/2
f 4/8/3 5/9/3 27/10/3 26/11/3
f 5/12/4 6/13/4 28/14/4 27/15/4
f 6/16/5 7/17/5 29/18/5 28/19/5
f 7/20/6 8/21/6 30/22/6 29/23/6
f 8/24/7 9/25/7 31/26/7 30/27/7
f 9/28/8 10/29/8 32/30/8 31/31/8
f 10/32/9 11/33/9 33/34/9 32/35/9
f 11/36/10 12/37/10 34/38/10 33/39/10
f 12/40/11 13/41/11 35/42/11 34/43/11
f 13/44/12 14/45/12 36/46/12 35/47/12
f 14/48/13 15/49/13 37/50/13 36/51/13
f 15/52/14 16/53/14 38/54/14 37/55/14
f 16/56/15 17/57/15 39/58/15 38/59/15
f 17/60/16 18/61/16 40/62/16 39/63/16
f 18/64/17 19/65/17 41/66/17 40/67/17
f 19/68/18 20/69/18 42/70/18 41/71/18
f 20/72/19 21/73/19 43/74/19 42/75/19
f 21/76/20 22/77/20 44/78/20 43/79/20
f 22/80/21 23/81/21 45/82/21 44/83/21
f 23/84/22 24/85/22 46/86/22 45/87/22
f 46/88/23 24/89/23 1/90/23
f 25/91/24 47/92/24 2/93/24
f 25/94/25 26/95/25 48/96/25 47/97/25
f 26/98/26 27/99/26 49/100/26 48/101/26
f 27/102/27 28/103/27 50/104/27 49/105/27
f 28/106/28 29/107/28 51/108/28 50/109/28
f 29/110/29 30/111/29 52/112/29 51/113/29
f 30/114/30 31/115/30 53/116/30 52/117/30
f 31/118/31 32/119/31 54/120/31 53/121/31
f 32/122/32 33/123/32 55/124/32 54/125/32
f 33/126/33 34/127/33 56/128/33 55/129/33
f 34/130/34 35/131/34 57/132/34 56/133/34
f 35/134/35 36/135/35 58/136/35 57/137/35
f 36/138/36 37/139/36 59/140/36 58/141/36
f 37/142/37 38/143/37 60/144/37 59/145/37
f 38/146/38 39/147/38 61/148/38 60/149/38
f 39/150/39 40/151/39 62/152/39 61/153/39
f 40/154/40 41/155/40 63/156/40 62/157/40
f 41/158/41 42/159/41 64/160/41 63/161/41
f 42/162/42 43/163/42 65/164/42 64/165/42
f 43/166/43 44/167/43 66/168/43 65/169/43
f 44/170/44 45/171/44 67/172/44 66/173/44
f 45/174/45 46/175/45 68/176/45 67/177/45
f 68/178/46 46/179/46 1/180/46
f 47/181/47 69/182/47 2/183/47
f 47/184/48 48/185/48 70/186/48 69/187/48
f 48/188/49 49/189/49 71/190/49 70/191/49
f 49/192/50 50/193/50 72/194/50 71/195/50
f 50/196/51 51/197/51 73/198/51 72/199/51
f 51/200/52 52/201/52 74/202/52 73/203/52
f 52/204/53 53/205/53 75/206/53 74/207/53
f 53/208/54 54/209/54 76/210/54 75/211/54
f 54/212/55 55/213/55 77/214/55 76/215/55
f 55/216/56 56/217/56 78/218/56 77/219/56
f 56/220/57 57/221/57 79/222/57 78/223/57
f 57/224/58 58/225/58 80/226/58 79/227/58
f 58/228/59 59/229/59 81/230/59 80/231/59
f 59/232/60 60/233/60 82/234/60 81/235/60
f 60/236/61 61/237/61 83/238/61 82/239/61
f 61/240/62 62/241/62 84/242/62 83/243/62
f 62/244/63 63/245/63 85/246/63 84/247/63
f 63/248/64 64/249/64 86/250/64 85/251/64
f 64/252/65 65/253/65 87/254/65 86/255/65
f 65/256/66 66/257/66 88/258/66 87/259/66
f 66/260/67 67/261/67 89/262/67 88/263/67
f 67/264/68 68/265/68 90/266/68 89/267/68
f 90/268/69 68/269/69 1/270/69
f 69/271/70 91/272/70 2/273/70
f 69/274/71 70/275/71 92/276/71 91/277/71
f 70/278/72 71/279/72 93/280/72 92/281/72
f 71/282/73 72/283/73 94/284/73 93/285/73
f 72/286/74 73/287/74 95/288/74 94/289/74
f 73/290/75 74/291/75 96/292/75 95/293/75
f 74/294/76 75/295/76 97/296/76 96/297/76
f 75/298/77 76/299/77 98/300/77 97/301/77
f 76/302/78 77/303/78 99/304/78 98/305/78
f 77/306/79 78/307/79 100/308/79 99/309/79
f 78/310/80 79/311/80 101/312/80 100/313/80
f 79/314/81 80/315/81 102/316/81 101/317/81
f 80/318/82 81/319/82 103/320/82 102/321/82
f 81/322/83 82/323/83 104/324/83 103/325/83
f 82/326/84 83/327/84 105/328/84 104/329/84
f 83/330/85 84/331/85 106/332/85 105/333/85
f 84/334/86 85/335/86 107/336/86 106/337/86
f 85/338/87 86/339/87 108/340/87 107/341/87
f 86/342/88 87/343/88 109/344/88 108/345/88
f 87/346/89 88/347/89 110/348/89 109/349/89
f 88/350/90 89/351/90 111/352/90 110/353/90
f 89/354/91 90/355/91 112/356/91 111/357/91
f 112/358/92 90/359/92 1/360/92
f 91/361/93 113/362/93 2/363/93
f 91/364/94 92/365/94 114/366/94 113/367/94
f 92/368/95 93/369/95 115/370/95 114/371/95
f 93/372/96 94/373/96 116/374/96 115/375/96
f 94/376/97 95/377/97 117/378/97 116/379/97
f 95/380/98 96/381/98 118/382/98 117/383/98
f 96/384/99 97/385/99 119/386/99 118/387/99
f 97/388/100 98/389/100 120/390/100 119/391/100
f 98/392/101 99/393/101 121/394/101 120/395/101
f 99/396/102 100/397/102 122/398/102 121/399/102
f 100/400/103 101/401/103 123/402/103 122/403/103
f 101/404/104 102/405/104 124/406/104 123/407/104
f 102/408/105 103/409/105 125/410/105 124/411/105
f 103/412/106 104/413/106 126/414/106 125/415/106
f 104/416/107 105/417/107 127/418/107 126/419/107
f 105/420/108 106/421/108 128/422/108 127/423/108
f 106/424/109 107/425/109 129/426/109 128/427/109
f 107/428/110 108/429/110 130/430/110 129/431/110
f 108/432/111 109/433/111 131/434/111 130/435/111
f 109/436/112 110/437/112 132/438/112 131/439/112
f 110/440/113 111/441/113 133/442/113 132/443/113
f 111/444/114 112/445/114 134/446/114 133/447/114
f 134/448/115 112/449/115 1/450/115
f 113/451/116 135/452/116 2/453/116
f 113/454/117 114/455/117 136/456/117 135/457/117
f 114/458/118 115/459/118 137/460/118 136/461/118
f 115/462/119 116/463/119 138/464/119 137/465/119
f 116/466/120 117/467/120 139/468/120 138/469/120
f 117/470/121 118/471/121 140/472/121 139/473/121
f 118/474/122 119/475/122 141/476/122 140/477/122
f 119/478/123 120/479/123 142/480/123 141/481/123
f 120/482/124 121/483/124 143/484/124 142/485/124
f 121/486/125 122/487/125 144/488/125 143/489/125
f 122/490/126 123/491/126 145/492/126 144/493/126
f 123/494/127 124/495/127 146/496/127 145/497/127
f 124/498/128 125/499/128 147/500/128 146/501/128
f 125/502/129 126/503/129 148/504/129 147/505/129
f 126/506/130 127/507/130 149/508/130 148/509/130
f 127/510/131 128/511/131 150/512/131 149/513/131
f 128/514/132 129/515/132 151/516/132 150/517/132
f 129/518/133 130/519/133 152/520/133 151/521/133
f 130/522/134 131/523/134 153/524/134 152/525/134
f 131/526/135 132/527/135 154/528/135 153/529/135
f 132/530/136 133/531/136 155/532/136 154/533/136
f 133/534/137 134/535/137 156/536/137 155/537/137
f 156/538/138 134/539/138 1/540/138
f 135/541/139 157/542/139 2/543/139
f 135/544/140 136/545/140 158/546/140 157/547/140
f 136/548/141 137/549/141 159/550/141 158/551/141
f 137/552/142 138/553/142 160/554/142 159/555/142
f 138/556/143 139/557/143 161/558/143 160/559/143
f 139/560/144 140/561/144 162/562/144 161/563/144
f 140/564/145 141/565/145 163/566/145 162/567/145
f 141/568/146 142/569/146 164/570/146 163/571/146
f 142/572/147 143/573/147 165/574/147 164/575/147
f 143/576/148 144/577/148 166/578/148 165/579/148
f 144/580/149 145/581/149 167/582/149 166/583/149
f 145/584/150 146/585/150 168/586/150 167/587/150
f 146/588/151 147/589/151 169/590/151 168/591/151
f 147/592/152 148/593/152 170/594/152 169/595/152
f 148/596/153 149/597/153 171/598/153 170/599/153
f 149/600/154 150/601/154 172/602/154 171/603/154
f 150/604/155 151/605/155 173/606/155 172/607/155
f 151/608/156 152/609/156 174/610/156 173/611/156
f 152/612/157 153/613/157 175/614/157 174/615/157
f 153/616/158 154/617/158 176/618/158 175/619/158
f 154/620/159 155/621/159 177/622/159 176/623/159
f 155/624/160 156/625/160 178/626/160 177/627/160
f 178/628/161 156/629/161 1/630/161
f 157/631/162 179/632/162 2/633/162
f 157/634/163 158/635/163 180/636/163 179/637/163
f 158/638/164 159/639/164 181/640/164 180/641/164
f 159/642/165 160/643/165 182/644/165 181/645/165
f 160/646/166 161/647/166 183/648/166 182/649/166
f 161/650/167 162/651/167 184/652/167 183/653/167
f 162/654/168 163/655/168 185/656/168 184/657/168
f 163/658/169 164/659/169 186/660/169 185/661/169
f 164/662/170 165/663/170 187/664/170 186/665/170
f 165/666/171 166/667/171 188/668/171 187/669/171
f 166/670/172 167/671/172 189/672/172 188/673/172
f 167/674/173 168/675/173 190/676/173 189/677/173
f 168/678/174 169/679/174 191/680/174 190/681/174
f 169/682/175 170/683/175 192/684/175 191/685/175
f 170/686/176 171/687/176 193/688/176 192/689/176
f 171/690/177 172/691/177 194/692/177 193/693/177
f 172/694/178 173/695/178 195/696/178 194/697/178
f 173/698/179 174/699/179 196/700/179 195/701/179
f 174/702/180 175/703/180 197/704/180 196/705/180
f 175/706/181 176/707/181 198/708/181 197/709/181
f 176/710/182 177/711/182 199/712/182 198/713/182
f 177/714/183 178/715/183 200/716/183 199/717/183
f 200/718/184 178/719/184 1/720/184
f 179/721/185 201/722/185 2/723/185
f 179/724/186 180/725/186 202/726/186 201/727/186
f 180/728/187 181/729/187 203/730/187 202/731/187
f 181/732/188 182/733/188 204/734/188 203/735/188
f 182/736/189 183/737/189 205/738/189 204/739/189
f 183/740/190 184/741/190 206/742/190 205/743/190
f 184/744/191 185/745/191 207/746/191 206/747/191
f 185/748/192 186/749/192 208/750/192 207/751/192
f 186/752/193 187/753/193 209/754/193 208/755/193
f 187/756/194 188/757/194 210/758/194 209/759/194
f 188/760/195 189/761/195 211/762/195 210/763/195
f 189/764/196 190/765/196 212/766/196 211/767/196
f 190/768/197 191/769/197 213/770/197 212/771/197
f 191/772/198 192/773/198 214/774/198 213/775/198
f 192/776/199 193/777/199 215/778/199 214/779/199
f 193/780/200 194/781/200 216/782/200 215/783/200
f 194/784/201 195/785/201 217/786/201 216/787/201
f 195/788/202 196/789/202 218/790/202 217/791/202
f 196/792/203 197/793/203 219/794/203 218/795/203
f 197/796/204 198/797/204 220/798/204 219/799/204
f 198/800/205 199/801/205 221/802/205 220/803/205
f 199/804/206 200/805/206 222/806/206 221/807/206
f 222/808/207 200/809/207 1/810/207
f 201/811/208 223/812/208 2/813/208
f 201/814/209 202/815/209 224/816/209 223/817/209
f 202/818/210 203/819/210 225/820/210 224/821/210
f 203/822/211 204/823/211 226/824/211 225/825/211
f 204/826/212 205/827/212 227/828/212 226/829/212
f 205/830/213 206/831/213 228/832/213 227/833/213
f 206/834/214 207/835/214 229/836/214 228/837/214
f 207/838/215 208/839/215 230/840/215 229/841/215
f 208/842/216 209/843/216 231/844/216 230/845/216
f 209/846/217 210/847/217 232/848/217 231/849/217
f 210/850/218 211/851/218 233/852/218 232/853/218
f 211/854/219 212/855/219 234/856/219 233/857/219
f 212/858/220 213/859/220 235/860/220 234/861/220
f 213/862/221 214/863/221 236/864/221 235/865/221
f 214/866/222 215/867/222 237/868/222 236/869/222
f 215/870/223 216/871/223 238/872/223 237/873/223
f 216/874/224 217/875/224 239/876/224 238/877/224
f 217/878/225 218/879/225 240/880/225 239/881/225
f 218/882/226 219/883/226 241/884/226 240/885/226
f 219/886/227 220/887/227 242/888/227 241/889/227
f 220/890/228 221/891/228 243/892/228 242/893/228
f 221/894/229 222/895/229 244/896/229 243/897/229
f 244/898/230 222/899/230 1/900/230
f 223/901/231 245/902/231 2/903/231
f 223/904/232 224/905/232 246/906/232 245/907/232
f 224/908/233 225/909/233 247/910/233 246/911/233
f 225/912/234 226/913/234 248/914/234 247/915/234
f 226/916/235 227/917/235 249/918/235 248/919/235
f 227/920/236 228/921/236 250/922/236 249/923/236
f 228/924/237 229/925/237 251/926/237 250/927/237
f 229/928/238 230/929/238 252/930/238 251/931/238
f 230/932/239 231/933/239 253/934/239 252/935/239
f 231/936/240 232/937/240 254/938/240 253/939/240
f 232/940/241 233/941/241 255/942/241 254/943/241
f 233/944/242 234/945/242 256/946/242 255/947/242
f 234/948/243 235/949/243 257/950/243 256/951/243
f 235/952/244 236/953/244 258/954/244 257/955/244
f 236/956/245 237/957/245 259/958/245 258/959/245
f 237/960/246 238/961/246 260/962/246 259/963/246
f 238/964/247 239/965/247 261/966/247 260/967/247
f 239/968/248 240/969/248 262/970/248 261/971/248
f 240/972/249 241/973/249 263/974/249 262/975/249
f 241/976/250 242/977/250 264/978/250 263/979/250
f 242/980/251 243/981/251 265/982/251 264/983/251
f 243/984/252 244/985/252 266/986/252 265/987/252
f 266/988/253 244/989/253 1/990/253
f 245/991/254 267/992/254 2/993/254
f 245/994/255 246/995/255 268/996/255 267/997/255
f 246/998/256 247/999/256 269/1000/256 268/1001/256
f 247/1002/257 248/1003/257 270/1004/257 269/1005/257
f 248/1006/258 249/1007/258 271/1008/258 270/1009/258
f 249/1010/259 250/1011/259 272/1012/259 271/1013/259
f 250/1014/260 251/1015/260 273/1016/260 272/1017/260
f 251/1018/261 252/1019/261 274/1020/261 273/1021/261
f 252/1022/262 253/1023/262 275/1024/262 274/1025/262
f 253/1026/263 254/1027/263 276/1028/263 275/1029/263
f 254/1030/264 255/1031/264 277/1032/264 276/1033/264
f 255/1034/265 256/1035/265 278/1036/265 277/1037/265
f 256/1038/266 257/1039/266 279/1040/266 278/1041/266
f 257/1042/267 258/1043/267 280/1044/267 279/1045/267
f 258/1046/268 259/1047/268 281/1048/268 280/1049/268
f 259/1050/269 260/1051/269 282/1052/269 281/1053/269
f 260/1054/270 261/1055/270 283/1056/270 282/1057/270
f 261/1058/271 262/1059/271 284/1060/271 283/1061/271
f 262/1062/272 263/1063/272 285/1064/272 284/1065/272
f 263/1066/273 264/1067/273 286/1068/273 285/1069/273
f 264/1070/274 265/1071/274 287/1072/274 286/1073/274
f 265/1074/275 266/1075/275 288/1076/275 287/1077/275
f 288/1078/276 266/1079/276 1/1080/276
f 267/1081/277 289/1082/277 2/1083/277
f 267/1084/278 268/1085/278 290/1086/278 289/1087/278
f 268/1088/279 269/1089/279 291/1090/279 290/1091/279
f 269/1092/280 270/1093/280 292/1094/280 291/1095/280
f 270/1096/281 271/1097/281 293/1098/281 292/1099/281
f 271/1100/282 272/1101/282 294/1102/282 293/1103/282
f 272/1104/283 273/1105/283 295/1106/283 294/1107/283
f 273/1108/284 274/1109/284 296/1110/284 295/1111/284
f 274/1112/285 275/1113/285 297/1114/285 296/1115/285
f 275/1116/286 276/1117/286 298/1118/286 297/1119/286
f 276/1120/287 277/1121/287 299/1122/287 298/1123/287
f 277/1124/288 278/1125/288 300/1126/288 299/1127/288
f 278/1128/289 279/1129/289 301/1130/289 300/1131/289
f 279/1132/290 280/1133/290 302/1134/290 301/1135/290
f 280/1136/291 281/1137/291 303/1138/291 302/1139/291
f 281/1140/292 282/1141/292 304/1142/292 303/1143/292
f 282/1144/293 283/1145/293 305/1146/293 304/1147/293
f 283/1148/294 284/1149/294 306/1150/294 305/1151/294
f 284/1152/295 285/1153/295 307/1154/295 306/1155/295
f 285/1156/296 286/1157/296 308/1158/296 307/1159/296
f 286/1160/297 287/1161/297 309/1162/297 308/1163/297
f 287/1164/298 288/1165/298 310/1166/298 309/1167/298
f 310/1168/299 288/1169/299 1/1170/299
f 289/1171/300 311/1172/300 2/1173/300
f 289/1174/301 290/1175/301 312/1176/301 311/1177/301
f 290/1178/302 291/1179/302 313/1180/302 312/1181/302
f 291/1182/303 292/1183/303 314/1184/303 313/1185/303
f 292/1186/304 293/1187/304 315/1188/304 314/1189/304
f 293/1190/305 294/1191/305 316/1192/305 315/1193/305
f 294/1194/306 295/1195/306 317/1196/306 316/1197/306
f 295/1198/307 296/1199/307 318/1200/307 317/1201/307
f 296/1202/308 297/1203/308 319/1204/308 318/1205/308
f 297/1206/309 298/1207/309 320/1208/309 319/1209/309
f 298/1210/310 299/1211/310 321/1212/310 320/1213/310
f 299/1214/311 300/1215/311 322/1216/311 321/1217/311
f 300/1218/312 301/1219/312 323/1220/312 322/1221/312
f 301/1222/313 302/1223/313 324/1224/313 323/1225/313
f 302/1226/314 303/1227/314 325/1228/314 324/1229/314
f 303/1230/315 304/1231/315 326/1232/315 325/1233/315
f 304/1234/316 305/1235/316 327/1236/316 326/1237/316
f 305/1238/317 306/1239/317 328/1240/317 327/1241/317
f 306/1242/318 307/1243/318 329/1244/318 328/1245/318
f 307/1246/319 308/1247/319 330/1248/319 329/1249/319
f 308/1250/320 309/1251/320 331/1252/320 330/1253/320
f 309/1254/321 310/1255/321 332/1256/321 331/1257/321
f 332/1258/322 310/1259/322 1/1260/322
f 311/1261/323 333/1262/323 2/1263/323
f 311/1264/324 312/1265/324 334/1266/324 333/1267/324
f 312/1268/325 313/1269/325 335/1270/325 334/1271/325
f 313/1272/326 314/1273/326 336/1274/326 335/1275/326
f 314/1276/327 315/1277/327 337/1278/327 336/1279/327
f 315/1280/328 316/1281/328 338/1282/328 337/1283/328
f 316/1284/329 317/1285/329 339/1286/329 338/1287/329
f 317/1288/330 318/1289/330 340/1290/330 339/1291/330
f 318/1292/331 319/1293/331 341/1294/331 340/1295/331
f 319/1296/332 320/1297/332 342/1298/332 341/1299/332
f 320/1300/333 321/1301/333 343/1302/333 342/1303/333
f 321/1304/334 322/1305/334 344/1306/334 343/1307/334
f 322/1308/335 323/1309/335 345/1310/335 344/1311/335
f 323/1312/336 324/1313/336 346/1314/336 345/1315/336
f 324/1316/337 325/1317/337 347/1318/337 346/1319/337
f 325/1320/338 326/1321/338 348/1322/338 347/1323/338
f 326/1324/339 327/1325/339 349/1326/339 348/1327/339
f 327/1328/340 328/1329/340 350/1330/340 349/1331/340
f 328/1332/341 329/1333/341 351/1334/341 350/1335/341
f 329/1336/342 330/1337/342 352/1338/342 351/1339/342
f 330/1340/343 331/1341/343 353/1342/343 352/1343/343
f 331/1344/344 332/1345/344 354/1346/344 353/1347/344
f 354/1348/345 332/1349/345 1/1350/345
f 333/1351/346 355/1352/346 2/1353/346
f 333/1354/347 334/1355/347 356/1356/347 355/1357/347
f 334/1358/348 335/1359/348 357/1360/348 356/1361/348
f 335/1362/349 336/1363/349 358/1364/349 357/1365/349
f 336/1366/350 337/1367/350 359/1368/350 358/1369/350
f 337/1370/351 338/1371/351 360/1372/351 359/1373/351
f 338/1374/352 339/1375/352 361/1376/352 360/1377/352
f 339/1378/353 340/1379/353 362/1380/353 361/1381/353
f 340/1382/354 341/1383/354 363/1384/354 362/1385/354
f 341/1386/355 342/1387/355 364/1388/355 363/1389/355
f 342/1390/356 343/1391/356 365/1392/356 364/1393/356
f 343/1394/357 344/1395/357 366/1396/357 365/1397/357
f 344/1398/358 345/1399/358 367/1400/358 366/1401/358
f 345/1402/359 346/1403/359 368/1404/359 367/1405/359
f 346/1406/360 347/1407/360 369/1408/360 368/1409/360
f 347/1410/361 348/1411/361 370/1412/361 369/1413/361
f 348/1414/362 349/1415/362 371/1416/362 370/1417/362
f 349/1418/363 350/1419/363 372/1420/363 371/1421/363
f 350/1422/364 351/1423/364 373/1424/364 372/1425/364
f 351/1426/365 352/1427/365 374/1428/365 373/1429/365
f 352/1430/366 353/1431/366 375/1432/366 374/1433/366
f 353/1434/367 354/1435/367 376/1436/367 375/1437/367
f 376/1438/368 354/1439/368 1/1440/368
f 355/1441/369 377/1442/369 2/1443/369
f 355/1444/370 356/1445/370 378/1446/370 377/1447/370
f 356/1448/371 357/1449/371 379/1450/371 378/1451/371
f 357/1452/372 358/1453/372 380/1454/372 379/1455/372
f 358/1456/373 359/1457/373 381/1458/373 380/1459/373
f 359/1460/374 360/1461/374 382/1462/374 381/1463/374
f 360/1464/375 361/1465/375 383/1466/375 382/1467/375
f 361/1468/376 362/1469/376 384/1470/376 383/1471/376
f 362/1472/377 363/1473/377 385/1474/377 384/1475/377
f 363/1476/378 364/1477/378 386/1478/378 385/1479/378
f 364/1480/379 365/1481/379 387/1482/379 386/1483/379
f 365/1484/380 366/1485/380 388/1486/380 387/1487/380
f 366/1488/381 367/1489/381 389/1490/381 388/1491/381
f 367/1492/382 368/1493/382 390/1494/382 389/1495/382
f 368/1496/383 369/1497/383 391/1498/383 390/1499/383
f 369/1500/384 370/1501/384 392/1502/384 391/1503/384
f 370/1504/385 371/1505/385 393/1506/385 392/1507/385
f 371/1508/386 372/1509/386 394/1510/386 393/1511/386
f 372/1512/387 373/1513/387 395/1514/387 394/1515/387
f 373/1516/388 374/1517/388 396/1518/388 395/1519/388
f 374/1520/389 375/1521/389 397/1522/389 396/1523/389
f 375/1524/390 376/1525/390 398/1526/390 397/1527/390
f 398/1528/391 376/1529/391 1/1530/391
f 377/1531/392 399/1532/392 2/1533/392
f 377/1534/393 378/1535/393 400/1536/393 399/1537/393
f 378/1538/394 379/1539/394 401/1540/394 400/1541/394
f 379/1542/395 380/1543/395 402/1544/395 401/1545/395
f 380/1546/396 381/1547/396 403/1548/396 402/1549/396
f 381/1550/397 382/1551/397 404/1552/397 403/1553/397
f 382/1554/398 383/1555/398 405/1556/398 404/1557/398
f 383/1558/399 384/1559/399 406/1560/399 405/1561/399
f 384/1562/400 385/1563/400 407/1564/400 406/1565/400
f 385/1566/401 386/1567/401 408/1568/401 407/1569/401
f 386/1570/402 387/1571/402 409/1572/402 408/1573/402
f 387/1574/403 388/1575/403 410/1576/403 409/1577/403
f 388/1578/404 389/1579/404 411/1580/404 410/1581/404
f 389/1582/405 390/1583/405 412/1584/405 411/1585/405
f 390/1586/406 391/1587/406 413/1588/406 412/1589/406
f 391/1590/407 392/1591/407 414/1592/407 413/1593/407
f 392/1594/408 393/1595/408 415/1596/408 414/1597/408
f 393/1598/409 394/1599/409 416/1600/409 415/1601/409
f 394/1602/410 395/1603/410 417/1604/410 416/1605/410
f 395/1606/411 396/1607/411 418/1608/411 417/1609/411
f 396/1610/412 397/1611/412 419/1612/412 418/1613/412
f 397/1614/413 398/1615/413 420/1616/413 419/1617/413
f 420/1618/414 398/1619/414 1/1620/414
f 399/1621/415 421/1622/415 2/1623/415
f 399/1624/416 400/1625/416 422/1626/416 421/1627/416
f 400/1628/417 401/1629/417 423/1630/417 422/1631/417
f 401/1632/418 402/1633/418 424/1634/418 423/1635/418
f 402/1636/419 403/1637/419 425/1638/419 424/1639/419
f 403/1640/420 404/1641/420 426/1642/420 425/1643/420
f 404/1644/421 405/1645/421 427/1646/421 426/1647/421
f 405/1648/422 406/1649/422 428/1650/422 427/1651/422
f 406/1652/423 407/1653/423 429/1654/423 428/1655/423
f 407/1656/424 408/1657/424 430/1658/424 429/1659/424
f 408/1660/425 409/1661/425 431/1662/425 430/1663/425
f 409/1664/426 410/1665/426 432/1666/426 431/1667/426
f 410/1668/427 411/1669/427 433/1670/427 432/1671/427
f 411/1672/428 412/1673/428 434/1674/428 433/1675/428
f 412/1676/429 413/1677/429 435/1678/429 434/1679/429
f 413/1680/430 414/1681/430 436/1682/430 435/1683/430
f 414/1684/431 415/1685/431 437/1686/431 436/1687/431
f 415/1688/432 416/1689/432 438/1690/432 437/1691/432
f 416/1692/433 417/1693/433 439/1694/433 438/1695/433
f 417/1696/434 418/1697/434 440/1698/434 439/1699/434
f 418/1700/435 419/1701/435 441/1702/435 440/1703/435
f 419/1704/436 420/1705/436 442/1706/436 441/1707/436
f 442/1708/437 420/1709/437 1/1710/437
f 421/1711/438 443/1712/438 2/1713/438
f 421/1714/439 422/1715/439 444/1716/439 443/1717/439
f 422/1718/440 423/1719/440 445/1720/440 444/1721/440
f 423/1722/441 424/1723/441 446/1724/441 445/1725/441
f 424/1726/442 425/1727/442 447/1728/442 446/1729/442
f 425/1730/443 426/1731/443 448/1732/443 447/1733/443
f 426/1734/444 427/1735/444 449/1736/444 448/1737/444
f 427/1738/445 428/1739/445 450/1740/445 449/1741/445
f 428/1742/446 429/1743/446 451/1744/446 450/1745/446
f 429/1746/447 430/1747/447 452/1748/447 451/1749/447
f 430/1750/448 431/1751/448 453/1752/448 452/1753/448
f 431/1754/449 432/1755/449 454/1756/449 453/1757/449
f 432/1758/450 433/1759/450 455/1760/450 454/1761/450
f 433/1762/451 434/1763/451 456/1764/451 455/1765/451
f 434/1766/452 435/1767/452 457/1768/452 456/1769/452
f 435/1770/453 436/1771/453 458/1772/453 457/1773/453
f 436/1774/454 437/1775/454 459/1776/454 458/1777/454
f 437/1778/455 438/1779/455 460/1780/455 459/1781/455
f 438/1782/456 439/1783/456 461/1784/456 460/1785/456
f 439/1786/457 440/1787/457 462/1788/457 461/1789/457
f 440/1790/458 441/1791/458 463/1792/458 462/1793/458
f 441/1794/459 442/1795/459 464/1796/459 463/1797/459
f 464/1798/460 442/1799/460 1/1800/460
f 443/1801/461 465/1802/461 2/1803/461
f 443/1804/462 444/1805/462 466/1806/462 465/1807/462
f 444/1808/463 445/1809/463 467/1810/463 466/1811/463
f 445/1812/464 446/1813/464 468/1814/464 467/1815/464
f 446/1816/465 447/1817/465 469/1818/465 468/1819/465
f 447/1820/466 448/1821/466 470/1822/466 469/1823/466
f 448/1824/467 449/1825/467 471/1826/467 470/1827/467
f 449/1828/468 450/1829/468 472/1830/468 471/1831/468
f 450/1832/469 451/1833/469 473/1834/469 472/1835/469
f 451/1836/470 452/1837/470 474/1838/470 473/1839/470
f 452/1840/471 453/1841/471 475/1842/471 474/1843/471
f 453/1844/472 454/1845/472 476/1846/472 475/1847/472
f 454/1848/473 455/1849/473 477/1850/473 476/1851/473
f 455/1852/474 456/1853/474 478/1854/474 477/1855/474
f 456/1856/475 457/1857/475 479/1858/475 478/1859/475
f 457/1860/476 458/1861/476 480/1862/476 479/1863/476
f 458/1864/477 459/1865/477 481/1866/477 480/1867/477
f 459/1868/478 460/1869/478 482/1870/478 481/1871/478
f 460/1872/479 461/1873/479 483/1874/479 482/1875/479
f 461/1876/480 462/1877/480 484/1878/480 483/1879/480
f 462/1880/481 463/1881/481 485/1882/481 484/1883/481
f 463/1884/482 464/1885/482 486/1886/482 485/1887/482
f 486/1888/483 464/1889/483 1/1890/483
f 465/1891/484 487/1892/484 2/1893/484
f 465/1894/485 466/1895/485 488/1896/485 487/1897/485
f 466/1898/486 467/1899/486 489/1900/486 488/1901/486
f 467/1902/487 468/1903/487 490/1904/487 489/1905/487
f 468/1906/488 469/1907/488 491/1908/488 490/1909/488
f 469/1910/489 470/1911/489 492/1912/489 491/1913/489
f 470/1914/490 471/1915/490 493/1916/490 492/1917/490
f 471/1918/491 472/1919/491 494/1920/491 493/1921/491
f 472/1922/492 473/1923/492 495/1924/492 494/1925/492
f 473/1926/493 474/1927/493 496/1928/493 495/1929/493
f 474/1930/494 475/1931/494 497/1932/494 496/1933/494
f 475/1934/495 476/1935/495 498/1936/495 497/1937/495
f 476/1938/496 477/1939/496 499/1940/496 498/1941/496
f 477/1942/497 478/1943/497 500/1944/497 499/1945/497
f 478/1946/498 479/1947/498 501/1948/498 500/1949/498
f 479/1950/499 480/1951/499 502/1952/499 501/1953/499
f 480/1954/500 481/1955/500 503/1956/500 502/1957/500
f 481/1958/501 482/1959/501 504/1960/501 503/1961/501
f 482/1962/502 483/1963/502 505/1964/502 504/1965/502
f 483/1966/503 484/1967/503 506/1968/503 505/1969/503
f 484/1970/504 485/1971/504 507/1972/504 506/1973/504
f 485/1974/505 486/1975/505 508/1976/505 507/1977/505
f 508/1978/506 486/1979/506 1/1980/506
f 487/1981/507 509/1982/507 2/1983/507
f 487/1984/508 488/1985/508 510/1986/508 509/1987/508
f 488/1988/509 489/1989/509 511/1990/509 510/1991/509
f 489/1992/510 490/1993/510 512/1994/510 511/1995/510
f 490/1996/511 491/1997/511 513/1998/511 512/1999/511
f 491/2000/512 492/2001/512 514/2002/512 513/2003/512
f 492/2004/513 493/2005/513 515/2006/513 514/2007/513
f 493/2008/514 494/2009/514 516/2010/514 515/2011/514
f 494/2012/515 495/2013/515 517/2014/515 516/2015/515
f 495/2016/516 496/2017/516 518/2018/516 517/2019/516
f 496/2020/517 497/2021/517 519/2022/517 518/2023/517
f 497/2024/518 498/2025/518 520/2026/518 519/2027/518
f 498/2028/519 499/2029/519 521/2030/519 520/2031/519
f 499/2032/520 500/2033/520 522/2034/520 521/2035/520
f 500/2036/521 501/2037/521 523/2038/521 522/2039/521
f 501/2040/522 502/2041/522 524/2042/522 523/2043/522
f 502/2044/523 503/2045/523 525/2046/523 524/2047/523
f 503/2048/524 504/2049/524 526/2050/524 525/2051/524
f 504/2052/525 505/2053/525 527/2054/525 526/2055/525
f 505/2056/526 506/2057/526 528/2058/526 527/2059/526
f 506/2060/527 507/2061/527 529/2062/527 528/2063/527
f 507/2064/528 508/2065/528 530/2066/528 529/2067/528
f 530/2068/529 508/2069/529 1/2070/529
f 509/2071/530 531/2072/530 2/2073/530
f 509/2074/531 510/2075/531 532/2076/531 531/2077/531
f 510/2078/532 511/2079/532 533/2080/532 532/2081/532
f 511/2082/533 512/2083/533 534/2084/533 533/2085/533
f 512/2086/534 513/2087/534 535/2088/534 534/2089/534
f 513/2090/535 514/2091/535 536/2092/535 535/2093/535
f 514/2094/536 515/2095/536 537/2096/536 536/2097/536
f 515/2098/537 516/2099/537 538/2100/537 537/2101/537
f 516/2102/538 517/2103/538 539/2104/538 538/2105/538
f 517/2106/539 518/2107/539 540/2108/539 539/2109/539
f 518/2110/540 519/2111/540 541/2112/540 540/2113/540
f 519/2114/541 520/2115/541 542/2116/541 541/2117/541
f 520/2118/542 521/2119/542 543/2120/542 542/2121/542
f 521/2122/543 522/2123/543 544/2124/543 543/2125/543
f 522/2126/544 523/2127/544 545/2128/544 544/2129/544
f 523/2130/545 524/2131/545 546/2132/545 545/2133/545
f 524/2134/546 525/2135/546 547/2136/546 546/2137/546
f 525/2138/547 526/2139/547 548/2140/547 547/2141/547
f 526/2142/548 527/2143/548 549/2144/548 548/2145/548
f 527/2146/549 528/2147/549 550/2148/549 549/2149/549
f 528/2150/550 529/2151/550 551/2152/550 550/2153/550
f 529/2154/551 530/2155/551 552/2156/551 551/2157/551
f 552/2158/552 530/2159/552 1/2160/552
f 531/2161/553 553/2162/553 2/2163/553
f 531/2164/554 532/2165/554 554/2166/554 553/2167/554
f 532/2168/555 533/2169/555 555/2170/555 554/2171/555
f 533/2172/556 534/2173/556 556/2174/556 555/2175/556
f 534/2176/557 535/2177/557 557/2178/557 556/2179/557
f 535/2180/558 536/2181/558 558/2182/558 557/2183/558
f 536/2184/559 537/2185/559 559/2186/559 558/2187/559
f 537/2188/560 538/2189/560 560/2190/560 559/2191/560
f 538/2192/561 539/2193/561 561/2194/561 560/2195/561
f 539/2196/562 540/2197/562 562/2198/562 561/2199/562
f 540/2200/563 541/2201/563 563/2202/563 562/2203/563
f 541/2204/564 542/2205/564 564/2206/564 563/2207/564
f 542/2208/565 543/2209/565 565/2210/565 564/2211/565
f 543/2212/566 544/2213/566 566/2214/566 565/2215/566
f 544/2216/567 545/2217/567 567/2218/567 566/2219/567
f 545/2220/568 546/2221/568 568/2222/568 567/2223/568
f 546/2224/569 547/2225/569 569/2226/569 568/2227/569
f 547/2228/570 548/2229/570 570/2230/570 569/2231/570
f 548/2232/571 549/2233/571 571/2234/571 570/2235/571
f 549/2236/572 550/2237/572 572/2238/572 571/2239/572
f 550/2240/573 551/2241/573 573/2242/573 572/2243/573
f 551/2244/574 552/2245/574 574/2246/574 573/2247/574
f 574/2248/575 552/2249/575 1/2250/575
f 553/2251/576 575/2252/576 2/2253/576
f 553/2254/577 554/2255/577 576/2256/577 575/2257/577
f 554/2258/578 555/2259/578 577/2260/578 576/2261/578
f 555/2262/579 556/2263/579 578/2264/579 577/2265/579
f 556/2266/580 557/2267/580 579/2268/580 578/2269/580
f 557/2270/581 558/2271/581 580/2272/581 579/2273/581
f 558/2274/582 559/2275/582 581/2276/582 580/2277/582
f 559/2278/583 560/2279/583 582/2280/583 581/2281/583
f 560/2282/584 561/2283/584 583/2284/584 582/2285/584
f 561/2286/585 562/2287/585 584/2288/585 583/2289/585
f 562/2290/586 563/2291/586 585/2292/586 584/2293/586
f 563/2294/587 564/2295/587 586/2296/587 585/2297/587
f 564/2298/588 565/2299/588 587/2300/588 586/2301/588
f 565/2302/589 566/2303/589 588/2304/589 587/2305/589
f 566/2306/590 567/2307/590 589/2308/590 588/2309/590
f 567/2310/591 568/2311/591 590/2312/591 589/2313/591
f 568/2314/592 569/2315/592 591/2316/592 590/2317/592
f 569/2318/593 570/2319/593 592/2320/593 591/2321/593
f 570/2322/594 571/2323/594 593/2324/594 592/2325/594
f 571/2326/595 572/2327/595 594/2328/595 593/2329/595
f 572/2330/596 573/2331/596 595/2332/596 594/2333/596
f 573/2334/597 574/2335/597 596/2336/597 595/2337/597
f 596/2338/598 574/2339/598 1/2340/598
f 575/2341/599 597/2342/599 2/2343/599
f 575/2344/600 576/2345/600 598/2346/600 597/2347/600
f 576/2348/601 577/2349/601 599/2350/601 598/2351/601
f 577/2352/602 578/2353/602 600/2354/602 599/2355/602
f 578/2356/603 579/2357/603 601/2358/603 600/2359/603
f 579/2360/604 580/2361/604 602/2362/604 601/2363/604
f 580/2364/605 581/2365/605 603/2366/605 602/2367/605
f 581/2368/606 582/2369/606 604/2370/606 603/2371/606
f 582/2372/607 583/2373/607 605/2374/607 604/2375/607
f 583/2376/608 584/2377/608 606/2378/608 605/2379/608
f 584/2380/609 585/2381/609 607/2382/609 606/2383/609
f 585/2384/610 586/2385/610 608/2386/610 607/2387/610
f 586/2388/611 587/2389/611 609/2390/611 608/2391/611
f 587/2392/612 588/2393/612 610/2394/612 609/2395/612
f 588/2396/613 589/2397/613 611/2398/613 610/2399/613
f 589/2400/614 590/2401/614 612/2402/614 611/2403/614
f 590/2404/615 591/2405/615 613/2406/615 612/2407/615
f 591/2408/616 592/2409/616 614/2410/616 613/2411/616
f 592/2412/617 593/2413/617 615/2414/617 614/2415/617
f 593/2416/618 594/2417/618 616/2418/618 615/2419/618
f 594/2420/619 595/2421/619 617/2422/619 616/2423/619
f 595/2424/620 596/2425/620 618/2426/620 617/2427/620
f 618/2428/621 596/2429/621 1/2430/621
f 597/2431/622 619/2432/622 2/2433/622
f 597/2434/623 598/2435/623 620/2436/623 619/2437/623
f 598/2438/624 599/2439/624 621/2440/624 620/2441/624
f 599/2442/625 600/2443/625 622/2444/625 621/2445/625
f 600/2446/626 601/2447/626 623/2448/626 622/2449/626
f 601/2450/627 602/2451/627 624/2452/627 623/2453/627
f 602/2454/628 603/2455/628 625/2456/628 624/2457/628
f 603/2458/629 604/2459/629 626/2460/629 625/2461/629
f 604/2462/630 605/2463/630 627/2464/630 626/2465/630
f 605/2466/631 606/2467/631 628/2468/631 627/2469/631
f 606/2470/632 607/2471/632 629/2472/632 628/2473/632
f 607/2474/633 608/2475/633 630/2476/633 629/2477/633
f 608/2478/634 609/2479/634 631/2480/634 630/2481/634
f 609/2482/635 610/2483/635 632/2484/635 631/2485/635
f 610/2486/636 611/2487/636 633/2488/636 632/2489/636
f 611/2490/637 612/2491/637 634/2492/637 633/2493/637
f 612/2494/638 613/2495/638 635/2496/638 634/2497/638
f 613/2498/639 614/2499/639 636/2500/639 635/2501/639
f 614/2502/640 615/2503/640 637/2504/640 636/2505/640
f 615/2506/641 616/2507/641 638/2508/641 637/2509/641
f 616/2510/642 617/2511/642 639/2512/642 638/2513/642
f 617/2514/643 618/2515/643 640/2516/643 639/2517/643
f 640/2518/644 618/2519/644 1/2520/644
f 619/2521/645 641/2522/645 2/2523/645
f 619/2524/646 620/2525/646 642/2526/646 641/2527/646
f 620/2528/647 621/2529/647 643/2530/647 642/2531/647
f 621/2532/648 622/2533/648 644/2534/648 643/2535/648
f 622/2536/649 623/2537/649 645/2538/649 644/2539/649
f 623/2540/650 624/2541/650 646/2542/650 645/2543/650
f 624/2544/651 625/2545/651 647/2546/651 646/2547/651
f 625/2548/652 626/2549/652 648/2550/652 647/2551/652
f 626/2552/653 627/2553/653 649/2554/653 648/2555/653
f 627/2556/654 628/2557/654 650/2558/654 649/2559/654
f 628/2560/655 629/2561/655 651/2562/655 650/2563/655
f 629/2564/656 630/2565/656 652/2566/656 651/2567/656
f 630/2568/657 631/2569/657 653/2570/657 652/2571/657
f 631/2572/658 632/2573/658 654/2574/658 653/2575/658
f 632/2576/659 633/2577/659 655/2578/659 654/2579/659
f 633/2580/660 634/2581/660 656/2582/660 655/2583/660
f 634/2584/661 635/2585/661 657/2586/661 656/2587/661
f 635/2588/662 636/2589/662 658/2590/662 657/2591/662
f 636/2592/663 637/2593/663 659/2594/663 658/2595/663
f 637/2596/664 638/2597/664 660/2598/664 659/2599/664
f 638/2600/665 639/2601/665 661/2602/665 660/2603/665
f 639/2604/666 640/2605/666 662/2606/666 661/2607/666
f 662/2608/667 640/2609/667 1/2610/667
f 641/2611/668 663/2612/668 2/2613/668
f 641/2614/669 642/2615/669 664/2616/669 663/2617/669
f 642/2618/670 643/2619/670 665/2620/670 664/2621/670
f 643/2622/671 644/2623/671 666/2624/671 665/2625/671
f 644/2626/672 645/2627/672 667/2628/672 666/2629/672
f 645/2630/673 646/2631/673 668/2632/673 667/2633/673
f 646/2634/674 647/2635/674 669/2636/674 668/2637/674
f 647/2638/675 648/2639/675 670/2640/675 669/2641/675
f 648/2642/676 649/2643/676 671/2644/676 670/2645/676
f 649/2646/677 650/2647/677 672/2648/677 671/2649/677
f 650/2650/678 651/2651/678 673/2652/678 672/2653/678
f 651/2654/679 652/2655/679 674/2656/679 673/2657/679
f 652/2658/680 653/2659/680 675/2660/680 674/2661/680
f 653/2662/681 654/2663/681 676/2664/681 675/2665/681
f 654/2666/682 655/2667/682 677/2668/682 676/2669/682
f 655/2670/683 656/2671/683 678/2672/683 677/2673/683
f 656/2674/684 657/2675/684 679/2676/684 678/2677/684
f 657/2678/685 658/2679/685 680/2680/685 679/2681/685
f 658/2682/686 659/2683/686 681/2684/686 680/2685/686
f 659/2686/687 660/2687/687 682/2688/687 681/2689/687
f 660/2690/688 661/2691/688 683/2692/688 682/2693/688
f 661/2694/689 662/2695/689 684/2696/689 683/2697/689
f 684/2698/690 662/2699/690 1/2700/690
f 663/2701/691 685/2702/691 2/2703/691
f 663/2704/692 664/2705/692 686/2706/692 685/2707/692
f 664/2708/693 665/2709/693 687/2710/693 686/2711/693
f 665/2712/694 666/2713/694 688/2714/694 687/2715/694
f 666/2716/695 667/2717/695 689/2718/695 688/2719/695
f 667/2720/696 668/2721/696 690/2722/696 689/2723/696
f 668/2724/697 669/2725/697 691/2726/697 690/2727/697
f 669/2728/698 670/2729/698 692/2730/698 691/2731/698
f 670/2732/699 671/2733/699 693/2734/699 692/2735/699
f 671/2736/700 672/2737/700 694/2738/700 693/2739/700
f 672/2740/701 673/2741/701 695/2742/701 694/2743/701
f 673/2744/702 674/2745/702 696/2746/702 695/2747/702
f 674/2748/703 675/2749/703 697/2750/703 696/2751/703
f 675/2752/704 676/2753/704 698/2754/704 697/2755/704
f 676/2756/705 677/2757/705 699/2758/705 698/2759/705
f 677/2760/706 678/2761/706 700/2762/706 699/2763/706
f 678/2764/707 679/2765/707 701/2766/707 700/2767/707
f 679/2768/708 680/2769/708 702/2770/708 701/2771/708
f 680/2772/709 681/2773/709 703/2774/709 702/2775/709
f 681/2776/710 682/2777/710 704/2778/710 703/2779/710
f 682/2780/711 683/2781/711 705/2782/711 704/2783/711
f 683/2784/712 684/2785/712 706/2786/712 705/2787/712
f 706/2788/713 684/2789/713 1/2790/713
f 685/2791/714 707/2792/714 2/2793/714
f 685/2794/715 686/2795/715 708/2796/715 707/2797/715
f 686/2798/716 687/2799/716 709/2800/716 708/2801/716
f 687/2802/717 688/2803/717 710/2804/717 709/2805/717
f 688/2806/718 689/2807/718 711/2808/718 710/2809/718
f 689/2810/719 690/2811/719 712/2812/719 711/2813/719
f 690/2814/720 691/2815/720 713/2816/720 712/2817/720
f 691/2818/721 692/2819/721 714/2820/721 713/2821/721
f 692/2822/722 693/2823/722 715/2824/722 714/2825/722
f 693/2826/723 694/2827/723 716/2828/723 715/2829/723
f 694/2830/724 695/2831/724 717/2832/724 716/2833/724
f 695/2834/725 696/2835/725 718/2836/725 717/2837/725
f 696/2838/726 697/2839/726 719/2840/726 718/2841/726
f 697/2842/727 698/2843/727 720/2844/727 719/2845/727
f 698/2846/728 699/2847/728 721/2848/728 720/2849/728
f 699/2850/729 700/2851/729 722/2852/729 721/2853/729
f 700/2854/730 701/2855/730 723/2856/730 722/2857/730
f 701/2858/731 702/2859/731 724/2860/731 723/2861/731
f 702/2862/732 703/2863/732 725/2864/732 724/2865/732
f 703/2866/733 704/2867/733 726/2868/733 725/2869/733
f 704/2870/734 705/2871/734 727/2872/734 726/2873/734
f 705/2874/735 706/2875/735 728/2876/735 727/2877/735
f 728/2878/736 706/2879/736 1/2880/736
f 707/2881/737 729/2882/737 2/2883/737
f 707/2884/738 708/2885/738 730/2886/738 729/2887/738
f 708/2888/739 709/2889/739 731/2890/739 730/2891/739
f 709/2892/740 710/2893/740 732/2894/740 731/2895/740
f 710/2896/741 711/2897/741 733/2898/741 732/2899/741
f 711/2900/742 712/2901/742 734/2902/742 733/2903/742
f 712/2904/743 713/2905/743 735/2906/743 734/2907/743
f 713/2908/744 714/2909/744 736/2910/744 735/2911/744
f 714/2912/745 715/2913/745 737/2914/745 736/2915/745
f 715/2916/746 716/2917/746 738/2918/746 737/2919/746
f 716/2920/747 717/2921/747 739/2922/747 738/2923/747
f 717/2924/748 718/2925/748 740/2926/748 739/2927/748
f 718/2928/749 719/2929/749 741/2930/749 740/2931/749
f 719/2932/750 720/2933/750 742/2934/750 741/2935/750
f 720/2936/751 721/2937/751 743/2938/751 742/2939/751
f 721/2940/752 722/2941/752 744/2942/752 743/2943/752
f 722/2944/753 723/2945/753 745/2946/753 744/2947/753
f 723/2948/754 724/2949/754 746/2950/754 745/2951/754
f 724/2952/755 725/2953/755 747/2954/755 746/2955/755
f 725/2956/756 726/2957/756 748/2958/756 747/2959/756
f 726/2960/757 727/2961/757 749/2962/757 748/2963/757
f 727/2964/758 728/2965/758 750/2966/758 749/2967/758
f 750/2968/759 728/2969/759 1/2970/759
f 729/2971/760 751/2972/760 2/2973/760
f 729/2974/761 730/2975/761 752/2976/761 751/2977/761
f 730/2978/762 731/2979/762 753/2980/762 752/2981/762
f 731/2982/763 732/2983/763 754/2984/763 753/2985/763
f 732/2986/764 733/2987/764 755/2988/764 754/2989/764
f 733/2990/765 734/2991/765 756/2992/765 755/2993/765
f 734/2994/766 735/2995/766 757/2996/766 756/2997/766
f 735/2998/767 736/2999/767 758/3000/767 757/3001/767
f 736/3002/768 737/3003/768 759/3004/768 758/3005/768
f 737/3006/769 738/3007/769 760/3008/769 759/3009/769
f 738/3010/770 739/3011/770 761/3012/770 760/3013/770
f 739/3014/771 740/3015/771 762/3016/771 761/3017/771
f 740/3018/772 741/3019/772 763/3020/772 762/3021/772
f 741/3022/773 742/3023/773 764/3024/773 763/3025/773
f 742/3026/774 743/3027/774 765/3028/774 764/3029/774
f 743/3030/775 744/3031/775 766/3032/775 765/3033/775
f 744/3034/776 745/3035/776 767/3036/776 766/3037/776
f 745/3038/777 746/3039/777 768/3040/777 767/3041/777
f 746/3042/778 747/3043/778 769/3044/778 768/3045/778
f 747/3046/779 748/3047/779 770/3048/779 769/3049/779
f 748/3050/780 749/3051/780 771/3052/780 770/3053/780
f 749/3054/781 750/3055/781 772/3056/781 771/3057/781
f 772/3058/782 750/3059/782 1/3060/782
f 751/3061/783 773/3062/783 2/3063/783
f 751/3064/784 752/3065/784 774/3066/784 773/3067/784
f 752/3068/785 753/3069/785 775/3070/785 774/3071/785
f 753/3072/786 754/3073/786 776/3074/786 775/3075/786
f 754/3076/787 755/3077/787 777/3078/787 776/3079/787
f 755/3080/788 756/3081/788 778/3082/788 777/3083/788
f 756/3084/789 757/3085/789 779/3086/789 778/3087/789
f 757/3088/790 758/3089/790 780/3090/790 779/3091/790
f 758/3092/791 759/3093/791 781/3094/791 780/3095/791
f 759/3096/792 760/3097/792 782/3098/792 781/3099/792
f 760/3100/793 761/3101/793 783/3102/793 782/3103/793
f 761/3104/794 762/3105/794 784/3106/794 783/3107/794
f 762/3108/795 763/3109/795 785/3110/795 784/3111/795
f 763/3112/796 764/3113/796 786/3114/796 785/3115/796
f 764/3116/797 765/3117/797 787/3118/797 786/3119/797
f 765/3120/798 766/3121/798 788/3122/798 787/3123/798
f 766/3124/799 767/3125/799 789/3126/799 788/3127/799
f 767/3128/800 768/3129/800 790/3130/800 789/3131/800
f 768/3132/801 769/3133/801 791/3134/801 790/3135/801
f 769/3136/802 770/3137/802 792/3138/802 791/3139/802
f 770/3140/803 771/3141/803 793/3142/803 792/3143/803
f 771/3144/804 772/3145/804 794/3146/804 793/3147/804
f 794/3148/805 772/3149/805 1/3150/805
f 773/3151/806 795/3152/806 2/3153/806
f 773/3154/807 774/3155/807 796/3156/807 795/3157/807
f 774/3158/808 775/3159/808 797/3160/808 796/3161/808
f 775/3162/809 776/3163/809 798/3164/809 797/3165/809
f 776/3166/810 777/3167/810 799/3168/810 798/3169/810
f 777/3170/811 778/3171/811 800/3172/811 799/3173/811
f 778/3174/812 779/3175/812 801/3176/812 800/3177/812
f 779/3178/813 780/3179/813 802/3180/813 801/3181/813
f 780/3182/814 781/3183/814 803/3184/814 802/3185/814
f 781/3186/815 782/3187/815 804/3188/815 803/3189/815
f 782/3190/816 783/3191/816 805/3192/816 804/3193/816
f 783/3194/817 784/3195/817 806/3196/817 805/3197/817
f 784/3198/818 785/3199/818 807/3200/818 806/3201/818
f 785/3202/819 786/3203/819 808/3204/819 807/3205/819
f 786/3206/820 787/3207/820 809/3208/820 808/3209/820
f 787/3210/821 788/3211/821 810/3212/821 809/3213/821
f 788/3214/822 789/3215/822 811/3216/822 810/3217/822
f 789/3218/823 790/3219/823 812/3220/823 811/3221/823
f 790/3222/824 791/3223/824 813/3224/824 812/3225/824
f 791/3226/825 792/3227/825 814/3228/825 813/3229/825
f 792/3230/826 793/3231/826 815/3232/826 814/3233/826
f 793/3234/827 794/3235/827 816/3236/827 815/3237/827
f 816/3238/828 794/3239/828 1/3240/828
f 795/3241/829 817/3242/829 2/3243/829
f 795/3244/830 796/3245/830 818/3246/830 817/3247/830
f 796/3248/831 797/3249/831 819/3250/831 818/3251/831
f 797/3252/832 798/3253/832 820/3254/832 819/3255/832
f 798/3256/833 799/3257/833 821/3258/833 820/3259/833
f 799/3260/834 800/3261/834 822/3262/834 821/3263/834
f 800/3264/835 801/3265/835 823/3266/835 822/3267/835
f 801/3268/836 802/3269/836 824/3270/836 823/3271/836
f 802/3272/837 803/3273/837 825/3274/837 824/3275/837
f 803/3276/838 804/3277/838 826/3278/838 825/3279/838
f 804/3280/839 805/3281/839 827/3282/839 826/3283/839
f 805/3284/840 806/3285/840 828/3286/840 827/3287/840
f 806/3288/841 807/3289/841 829/3290/841 828/3291/841
f 807/3292/842 808/3293/842 830/3294/842 829/3295/842
f 808/3296/843 809/3297/843 831/3298/843 830/3299/843
f 809/3300/844 810/3301/844 832/3302/844 831/3303/844
f 810/3304/845 811/3305/845 833/3306/845 832/3307/845
f 811/3308/846 812/3309/846 834/3310/846 833/3311/846
f 812/3312/847 813/3313/847 835/3314/847 834/3315/847
f 813/3316/848 814/3317/848 836/3318/848 835/3319/848
f 814/3320/849 815/3321/849 837/3322/849 836/3323/849
f 815/3324/850 816/3325/850 838/3326/850 837/3327/850
f 838/3328/851 816/3329/851 1/3330/851
f 817/3331/852 839/3332/852 2/3333/852
f 817/3334/853 818/3335/853 840/3336/853 839/3337/853
f 818/3338/854 819/3339/854 841/3340/854 840/3341/854
f 819/3342/855 820/3343/855 842/3344/855 841/3345/855
f 820/3346/856 821/3347/856 843/3348/856 842/3349/856
f 821/3350/857 822/3351/857 844/3352/857 843/3353/857
f 822/3354/858 823/3355/858 845/3356/858 844/3357/858
f 823/3358/859 824/3359/859 846/3360/859 845/3361/859
f 824/3362/860 825/3363/860 847/3364/860 846/3365/860
f 825/3366/861 826/3367/861 848/3368/861 847/3369/861
f 826/3370/862 827/3371/862 849/3372/862 848/3373/862
f 827/3374/863 828/3375/863 850/3376/863 849/3377/863
f 828/3378/864 829/3379/864 851/3380/864 850/3381/864
f 829/3382/865 830/3383/865 852/3384/865 851/3385/865
f 830/3386/866 831/3387/866 853/3388/866 852/3389/866
f 831/3390/867 832/3391/867 854/3392/867 853/3393/867
f 832/3394/868 833/3395/868 855/3396/868 854/3397/868
f 833/3398/869 834/3399/869 856/3400/869 855/3401/869
f 834/3402/870 835/3403/870 857/3404/870 856/3405/870
f 835/3406/871 836/3407/871 858/3408/871 857/3409/871
f 836/3410/872 837/3411/872 859/3412/872 858/3413/872
f 837/3414/873 838/3415/873 860/3416/873 859/3417/873
f 860/3418/874 838/3419/874 1/3420/874
f 839/3421/875 861/3422/875 2/3423/875
f 839/3424/876 840/3425/876 862/3426/876 861/3427/876
f 840/3428/877 841/3429/877 863/3430/877 862/3431/877
f 841/3432/878 842/3433/878 864/3434/878 863/3435/878
f 842/3436/879 843/3437/879 865/3438/879 864/3439/879
f 843/3440/880 844/3441/880 866/3442/880 865/3443/880
f 844/3444/881 845/3445/881 867/3446/881 866/3447/881
f 845/3448/882 846/3449/882 868/3450/882 867/3451/882
f 846/3452/883 847/3453/883 869/3454/883 868/3455/883
f 847/3456/884 848/3457/884 870/3458/884 869/3459/884
f 848/3460/885 849/3461/885 871/3462/885 870/3463/885
f 849/3464/886 850/3465/886 872/3466/886 871/3467/886
f 850/3468/887 851/3469/887 873/3470/887 872/3471/887
f 851/3472/888 852/3473/888 874/3474/888 873/3475/888
f 852/3476/889 853/3477/889 875/3478/889 874/3479/889
f 853/3480/890 854/3481/890 876/3482/890 875/3483/890
f 854/3484/891 855/3485/891 877/3486/891 876/3487/891
f 855/3488/892 856/3489/892 878/3490/892 877/3491/892
f 856/3492/893 857/3493/893 879/3494/893 878/3495/893
f 857/3496/894 858/3497/894 880/3498/894 879/3499/894
f 858/3500/895 859/3501/895 881/3502/895 880/3503/895
f 859/3504/896 860/3505/896 882/3506/896 881/3507/896
f 882/3508/897 860/3509/897 1/3510/897
f 861/3511/898 883/3512/898 2/3513/898
f 861/3514/899 862/3515/899 884/3516/899 883/3517/899
f 862/3518/900 863/3519/900 885/3520/900 884/3521/900
f 863/3522/901 864/3523/901 886/3524/901 885/3525/901
f 864/3526/902 865/3527/902 887/3528/902 886/3529/902
f 865/3530/903 866/3531/903 888/3532/903 887/3533/903
f 866/3534/904 867/3535/904 889/3536/904 888/3537/904
f 867/3538/905 868/3539/905 890/3540/905 889/3541/905
f 868/3542/906 869/3543/906 891/3544/906 890/3545/906
f 869/3546/907 870/3547/907 892/3548/907 891/3549/907
f 870/3550/908 871/3551/908 893/3552/908 892/3553/908
f 871/3554/909 872/3555/909 894/3556/909 893/3557/909
f 872/3558/910 873/3559/910 895/3560/910 894/3561/910
f 873/3562/911 874/3563/911 896/3564/911 895/3565/911
f 874/3566/912 875/3567/912 897/3568/912 896/3569/912
f 875/3570/913 876/3571/913 898/3572/913 897/3573/913
f 876/3574/914 877/3575/914 899/3576/914 898/3577/914
f 877/3578/915 878/3579/915 900/3580/915 899/3581/915
f 878/3582/916 879/3583/916 901/3584/916 900/3585/916
f 879/3586/917 880/3587/917 902/3588/917 901/3589/917
f 880/3590/918 881/3591/918 903/3592/918 902/3593/918
f 881/3594/919 882/3595/919 904/3596/919 903/3597/919
f 904/3598/920 882/3599/920 1/3600/920
f 883/3601/921 905/3602/921 2/3603/921
f 883/3604/922 884/3605/922 906/3606/922 905/3607/922
f 884/3608/923 885/3609/923 907/3610/923 906/3611/923
f 885/3612/924 886/3613/924 908/3614/924 907/3615/924
f 886/3616/925 887/3617/925 909/3618/925 908/3619/925
f 887/3620/926 888/3621/926 910/3622/926 909/3623/926
f 888/3624/927 889/3625/927 911/3626/927 910/3627/927
f 889/3628/928 890/3629/928 912/3630/928 911/3631/928
f 890/3632/929 891/3633/929 913/3634/929 912/3635/929
f 891/3636/930 892/3637/930 914/3638/930 913/3639/930
f 892/3640/931 893/3641/931 915/3642/931 914/3643/931
f 893/3644/932 894/3645/932 916/3646/932 915/3647/932
f 894/3648/933 895/3649/933 917/3650/933 916/3651/933
f 895/3652/934 896/3653/934 918/3654/934 917/3655/934
f 896/3656/935 897/3657/935 919/3658/935 918/3659/935
f 897/3660/936 898/3661/936 920/3662/936 919/3663/936
f 898/3664/937 899/3665/937 921/3666/937 920/3667/937
f 899/3668/938 900/3669/938 922/3670/938 921/3671/938
f 900/3672/939 901/3673/939 923/3674/939 922/3675/939
f 901/3676/940 902/3677/940 924/3678/940 923/3679/940
f 902/3680/941 903/3681/941 925/3682/941 924/3683/941
f 903/3684/942 904/3685/942 926/3686/942 925/3687/942
f 926/3688/943 904/3689/943 1/3690/943
f 905/3691/944 927/3692/944 2/3693/944
f 905/3694/945 906/3695/945 928/3696/945 927/3697/945
f 906/3698/946 907/3699/946 929/3700/946 928/3701/946
f 907/3702/947 908/3703/947 930/3704/947 929/3705/947
f 908/3706/948 909/3707/948 931/3708/948 930/3709/948
f 909/3710/949 910/3711/949 932/3712/949 931/3713/949
f 910/3714/950 911/3715/950 933/3716/950 932/3717/950
f 911/3718/951 912/3719/951 934/3720/951 933/3721/951
f 912/3722/952 913/3723/952 935/3724/952 934/3725/952
f 913/3726/953 914/3727/953 936/3728/953 935/3729/953
f 914/3730/954 915/3731/954 937/3732/954 936/3733/954
f 915/3734/955 916/3735/955 938/3736/955 937/3737/955
f 916/3738/956 917/3739/956 939/3740/956 938/3741/956
f 917/3742/957 918/3743/957 940/3744/957 939/3745/957
f 918/3746/958 919/3747/958 941/3748/958 940/3749/958
f 919/3750/959 920/3751/959 942/3752/959 941/3753/959
f 920/3754/960 921/3755/960 943/3756/960 942/3757/960
f 921/3758/961 922/3759/961 944/3760/961 943/3761/961
f 922/3762/962 923/3763/962 945/3764/962 944/3765/962
f 923/3766/963 924/3767/963 946/3768/963 945/3769/963
f 924/3770/964 925/3771/964 947/3772/964 946/3773/964
f 925/3774/965 926/3775/965 948/3776/965 947/3777/965
f 948/3778/966 926/3779/966 1/3780/966
f 927/3781/967 949/3782/967 2/3783/967
f 927/3784/968 928/3785/968 950/3786/968 949/3787/968
f 928/3788/969 929/3789/969 951/3790/969 950/3791/969
f 929/3792/970 930/3793/970 952/3794/970 951/3795/970
f 930/3796/971 931/3797/971 953/3798/971 952/3799/971
f 931/3800/972 932/3801/972 954/3802/972 953/3803/972
f 932/3804/973 933/3805/973 955/3806/973 954/3807/973
f 933/3808/974 934/3809/974 956/3810/974 955/3811/974
f 934/3812/975 935/3813/975 957/3814/975 956/3815/975
f 935/3816/976 936/3817/976 958/3818/976 957/3819/976
f 936/3820/977 937/3821/977 959/3822/977 958/3823/977
f 937/3824/978 938/3825/978 960/3826/978 959/3827/978
f 938/3828/979 939/3829/979 961/3830/979 960/3831/979
f 939/3832/980 940/3833/980 962/3834/980 961/3835/980
f 940/3836/981 941/3837/981 963/3838/981 962/3839/981
f 941/3840/982 942/3841/982 964/3842/982 963/3843/982
f 942/3844/983 943/3845/983 965/3846/983 964/3847/983
f 943/3848/984 944/3849/984 966/3850/984 965/3851/984
f 944/3852/985 945/3853/985 967/3854/985 966/3855/985
f 945/3856/986 946/3857/986 968/3858/986 967/3859/986
f 946/3860/987 947/3861/987 969/3862/987 968/3863/987
f 947/3864/988 948/3865/988 970/3866/988 969/3867/988
f 970/3868/989 948/3869/989 1/3870/989
f 949/3871/990 971/3872/990 2/3873/990
f 949/3874/991 950/3875/991 972/3876/991 971/3877/991
f 950/3878/992 951/3879/992 973/3880/992 972/3881/992
f 951/3882/993 952/3883/993 974/3884/993 973/3885/993
f 952/3886/994 953/3887/994 975/3888/994 974/3889/994
f 953/3890/995 954/3891/995 976/3892/995 975/3893/995
f 954/3894/996 955/3895/996 977/3896/996 976/3897/996
f 955/3898/997 956/3899/997 978/3900/997 977/3901/997
f 956/3902/998 957/3903/998 979/3904/998 978/3905/998
f 957/3906/999 958/3907/999 980/3908/999 979/3909/999
f 958/3910/1000 959/3911/1000 981/3912/1000 980/3913/1000
f 959/3914/1001 960/3915/1001 982/3916/1001 981/3917/1001
f 960/3918/1002 961/3919/1002 983/3920/1002 982/3921/1002
f 961/3922/1003 962/3923/1003 984/3924/1003 983/3925/1003
f 962/3926/1004 963/3927/1004 985/3928/1004 984/3929/1004
f 963/3930/1005 964/3931/1005 986/3932/1005 985/3933/1005
f 964/3934/1006 965/3935/1006 987/3936/1006 986/3937/1006
f 965/3938/1007 966/3939/1007 988/3940/1007 987/3941/1007
f 966/3942/1008 967/3943/1008 989/3944/1008 988/3945/1008
f 967/3946/1009 968/3947/1009 990/3948/1009 989/3949/1009
f 968/3950/1010 969/3951/1010 991/3952/1010 990/3953/1010
f 969/3954/1011 970/3955/1011 992/3956/1011 991/3957/1011
f 992/3958/1012 970/3959/1012 1/3960/1012
f 971/3961/1013 3/3962/1013 2/3963/1013
f 971/3964/1014 972/3965/1014 4/3966/1014 3/3967/1014
f 972/3968/1015 973/3969/1015 5/3970/1015 4/3971/1015
f 973/3972/1016 974/3973/1016 6/3974/1016 5/3975/1016
f 974/3976/1017 975/3977/1017 7/3978/1017 6/3979/1017
f 975/3980/1018 976/3981/1018 8/3982/1018 7/3983/1018
f 976/3984/1019 977/3985/1019 9/3986/1019 8/3987/1019
f 977/3988/1020 978/3989/1020 10/3990/1020 9/3991/1020
f 978/3992/1021 979/3993/1021 11/3994/1021 10/3995/1021
f 979/3996/1022 980/3997/1022 12/3998/1022 11/3999/1022
f 980/4000/1023 981/4001/1023 13/4002/1023 12/4003/1023
f 981/4004/1024 982/4005/1024 14/4006/1024 13/4007/1024
f 982/4008/1025 983/4009/1025 15/4010/1025 14/4011/1025
f 983/4012/1026 984/4013/1026 16/4014/1026 15/4015/1026
f 984/4016/1027 985/4017/1027 17/4018/1027 16/4019/1027
f 985/4020/1028 986/4021/1028 18/4022/1028 17/4023/1028
f 986/4024/1029 987/4025/1029 19/4026/1029 18/4027/1029
f 987/4028/1030 988/4029/1030 20/4030/1030 19/4031/1030
f 988/4032/1031 989/4033/1031 21/4034/1031 20/4035/1031
f 989/4036/1032 990/4037/1032 22/4038/1032 21/4039/1032
f 990/4040/1033 991/4041/1033 23/4042/1033 22/4043/1033
f 991/4044/1034 992/4045/1034 24/4046/1034 23/4047/1034
f 24/4048/1035 992/4049/1035 1/4050/1035